가	889f	亜
각	88a1	娃
간	88a2	阿
갈	88a6	姶
감	88a8	葵
갑	88a9	茜
값	88aa	穐
갓	88ad	渥
갔	88ae	旭
강	88af	葦
갖	88b0	芦
같	88b1	鯵
갚	88b2	梓
개	88b4	斡
객	88b7	姐
갱	88b8	虻
갸	88b9	飴
거	88ba	絢
걱	88bb	綾
건	88bc	鮎
걷	88bd	或
걸	88be	粟
검	88bf	袷
겁	88c1	庵
것	88c2	按
겉	88c5	闇
게	88c6	鞍
겐	88c7	杏
겔	8af2	岐
겠	88c9	伊
겨	88d1	尉
격	88d2	惟
겪	88d4	慰
견	88d6	椅
결	88d8	畏
겸	88dc	緯
겼	88dd	胃
경	88de	萎
곁	88e0	謂
계	88e3	医
고	88e4	井
곡	88e5	亥
곤	88e8	郁
곧	88e9	磯
골	88eb	壱
곱	88ec	溢
곳	88ee	稲
공	88ef	茨
곶	88f0	芋
과	88f1	鰯
관	88f2	允
괄	88f4	咽
광	88f7	姻
괘	88fa	淫
괜	88fb	胤
괴	88fc	蔭
굉	8940	院
교	8943	韻
구	8946	宇
국	8949	迂
군	894b	卯
굳	894c	鵜
굴	894d	窺
굵	894f	碓
굶	8952	嘘
굼	8953	唄
굽	8954	欝
궁	8956	鰻
궂	8957	姥
권	8958	厩
귀	895a	瓜
규	895b	閏
균	895d	云
그	8960	荏
극	8962	叡
근	8964	嬰
글	8967	曳
긁	896b	洩
금	896c	瑛
급	896d	盈
긋	896e	穎
긍	896f	頴
기	8974	液
긴	8975	疫
길	8977	駅
김	8978	悦
깁	897b	閲
깃	897c	榎
깊	897e	円
까	8985	怨
깎	8986	掩
깐	898b	焔
깔	898e	猿
깜	8990	艶
깝	8991	苑
깟	8992	薗
깥	8994	鉛
깨	8995	鴛
깬	8996	塩
깼	8997	於
꺄	8999	甥
꺅	899a	凹
꺼	899d	往
꺾	89a2	欧
껄	89a5	翁
껏	89a6	襖
께	89a7	鴬
껴	89a8	鴎
꼈	89aa	岡
꼬	89ac	荻
꼭	957d	扶
꼴	89b1	桶
꼼	89b2	牡
꼽	89b3	乙
꽁	89c3	嘉
꽂	89c7	寡
꽉	89cb	架
꽤	89cf	珂
꾀	89d0	禍
꾄	89d1	禾
꾈	89d3	箇
꾸	89d5	苛
꾹	89d6	茄
꾼	89d9	菓
꿀	89da	蝦
꿇	89dc	嘩
꿈	89dd	貨
꿉	89de	迦
꿔	89e1	蚊
꿨	89e2	俄
꿰	89e3	峨
꿴	8ce8	瑚
뀌	89e6	画
뀐	89e7	臥
뀔	89e8	芽
끄	89e9	蛾
끈	89ea	賀
끊	89ed	駕
끌	89f2	塊
끓	89f4	廻
끔	89f8	恢
끗	89fa	戒
끙	8a40	魁
끝	8a41	晦
끼	8a42	械
낌	8a48	芥
나	8a49	蟹
낙	8a4c	貝
낚	8a52	崖
난	8a53	慨
날	8a54	概
낡	8a56	碍
남	8a57	蓋
납	8a59	該
낫	8a5b	骸
났	8a5c	浬
낭	8a5e	蛙
낮	8a5f	垣
낯	8a60	柿
낳	8a61	蛎
내	8a62	鈎
낸	8a63	劃
낼	8a64	嚇
냄	8a66	廓
냅	8a68	撹
냈	8a6a	核
냉	8a71	赫
냐	8a74	閣
냥	8a75	隔
너	8a7b	顎
넉	8a7d	笠
넋	8a7e	樫
넌	8a80	橿
널	8a81	梶
넓	8a85	喝
넘	8a86	恰
넣	8a89	渇
네	8a8a	滑
넨	8e58	珊
넬	8eb2	軸
넷	8a8b	葛
녀	8a8c	褐
녁	8a8f	鰹
년	8a91	椛
념	8a92	樺
녔	8a93	鞄
녕	8a94	株
노	8a96	竃
녹	8a97	蒲
논	8a98	釜
놀	8a99	鎌
놈	8a9a	噛
농	8a9b	鴨
높	8a9c	栢
놓	8a9d	茅
놔	8a9e	萱
놨	8aa1	苅
뇌	8aa3	乾
뇨	8aa4	侃
누	8aa5	冠
눅	8aa7	刊
눈	8aac	堪
눌	8aad	姦
눕	8ab2	幹
눠	8ab3	患
뉘	8ab6	憾
뉜	8ab7	換
뉴	8ab9	柑
느	8aba	桓
는	8abb	棺
늘	8abc	款
늙	8abe	汗
늠	8ac0	澗
능	8ac1	潅
늦	8ac2	環
늪	8eec	珠
니	8ac4	監
닉	8aca	缶
닌	8acb	翰
닐	8ace	莞
님	8ad0	諌
닙	8ad3	鑑
다	8ad5	閑
닥	8ad8	韓
닦	8ad9	館
단	8ada	舘
닫	8adc	含
달	8ade	巌
닭	8adf	玩
닮	8ae1	眼
담	8ae2	岩
답	8ae3	翫
닷	8ae4	贋
당	8aea	伎
닿	9586	膚
대	8af4	幾
댁	8af5	忌
댄	8af7	机
댈	8af9	既
댔	8afb	棋
더	8b42	毅
덕	8b44	汽
던	8b45	畿
덜	8b4a	徽
덤	8b4f	軌
덥	8b53	鬼
덧	8b54	亀
덩	8b57	妓
덮	8b58	宜
데	8b59	戯
덴	8b5f	祇
델	8fc0	沼
뎌	8b61	蟻
도	8b62	誼
독	8b64	掬
돈	8b65	菊
돋	90bb	製
돌	8b66	鞠
돕	8b68	吃
동	8b69	喫
돼	8b6b	橘
됐	8b6d	砧
되	8b6e	杵
된	8b6f	黍
될	8b7b	宮
됨	8b80	朽
됩	8b84	灸
두	8b85	球
둑	8b88	笈
둔	8b8a	糾
둘	8b94	渠
둡	8b98	鋸
둥	8b99	漁
둬	8b9a	禦
뒀	8b9c	亨
뒈	8b9d	享
뒤	8b9e	京
뒷	8ba0	侠
뒹	8ba1	僑
듀	92a4	彫
드	8ba2	兇
득	8ba7	匡
든	8ba8	卿
듣	8ba9	叫
들	8baa	喬
듬	8bac	峡
듭	8bae	彊
듯	8bb8	矯
등	8bbc	蕎
디	8bbe	鏡
딕	95a6	沸
딘	8bc0	饗
딜	8bc3	凝
딨	8bc4	尭
딩	8bcb	桐
딪	8bcc	粁
따	8bcd	僅
딱	8bd1	錦
딴	8bd2	斤
딸	8bd3	欣
땅	8bd4	欽
때	8bd5	琴
땐	8bda	芹
땠	8bdb	菌
땡	8bdc	衿
떠	8bdd	襟
떡	8be1	吟
떤	8be3	九
떨	8be4	倶
떳	8be7	狗
떻	8be8	玖
떼	8be9	矩
또	8beb	躯
똑	8bed	駈
뚝	8bf1	虞
뚫	8bf2	喰
뛰	8bf5	寓
뛸	8bf6	遇
뜨	8bf8	串
뜩	8bf9	櫛
뜬	8bfa	釧
뜯	8bfb	屑
뜸	8c43	靴
뜻	8c44	轡
띄	8c45	窪
라	8c46	熊
락	8c48	粂
란	8c49	栗
랄	8c4b	桑
람	8c4c	鍬
랍	8c4f	薫
랏	8c53	郡
랐	8c54	卦
랑	8c55	袈
래	8c56	祁
랜	8c5b	啓
랫	8c5c	圭
랬	8c5e	型
랭	8c63	慶
랴	8c64	慧
략	8c65	憩
량	8c6a	桂
러	8c6b	渓
럭	8c6c	畦
런	8c6d	稽
럴	8c72	罫
럼	8c73	茎
럽	8c74	荊
럿	8c75	蛍
렀	8c77	詣
렁	8c7b	鶏
렇	8c81	戟
레	8c85	桁
렉	8c89	潔
렌	8c8d	訣
렐	8c90	倹
렘	8c91	倦
렝	95a7	仏
려	8c94	券
력	8c96	喧
련	8c97	圏
렬	8c9b	憲
렴	8c9d	拳
렵	8c9e	捲
렸	8c9f	検
령	8ca5	硯
례	8ca6	絹
로	8ca7	県
록	8cac	軒
론	8cb2	鹸
롤	95a9	鮒
롭	8cb7	弦
롯	8cba	玄
롱	8cbc	絃
뢰	8cbd	舷
료	8cbf	諺
룡	8cc1	乎
루	8cc6	姑
룩	8cca	弧
룬	8ccd	枯
룰	8ccf	狐
룸	8cd0	糊
뤄	8cd1	袴
뤘	8cd3	胡
류	8cd4	菰
륙	8cd7	跨
륜	8cd8	鈷
률	8cdb	鼓
륭	8cde	伍
르	8cdf	午
른	8ce0	呉
를	8ce1	吾
름	8ce6	梧
릅	8ce7	檎
릇	9587	芙
릎	8ce9	碁
리	8ced	醐
릭	95ab	吻
린	8cef	鯉
릴	8cf1	佼
림	8cf4	倖
립	8cf9	勾
릿	8cfa	厚
링	8d41	喉
마	8d42	坑
막	8d43	垢
만	8d45	孔
많	8d46	孝
맏	8d49	巧
말	8d4d	庚
맑	8d4e	康
맘	8d50	恒
맙	8d53	拘
맛	8d56	昂
망	8d57	晃
맞	8d59	杭
맡	8d5a	校
맣	8d5e	洪
매	8d5f	浩
맥	8d61	溝
맨	8d65	稿
맹	8d66	糠
맺	8d68	紘
머	8d6b	耕
먹	8d6d	肯
먼	8d6f	腔
멀	8d70	膏
멈	8d77	購
멋	8d78	郊
멍	8d79	酵
멎	8d7a	鉱
메	8d7d	閤
멘	95ac	噴
멜	95ad	墳
며	8d80	項
면	8d83	鴻
멸	8d84	剛
명	8d86	号
몇	8d88	壕
모	8d89	拷
목	8d8a	濠
몫	8d8c	轟
몬	8d8d	麹
몰	8d92	穀
몸	8d97	漉
몹	8d99	甑
못	8d9a	忽
몽	8d9d	狛
묘	8d9f	此
무	8da3	坤
묵	8da4	墾
묶	8da7	懇
문	8da8	昏
묻	8da9	昆
물	8dab	梱
뭉	8dae	紺
뭍	8daf	艮
뭐	8db3	叉
뭔	8db4	唆
뭘	8db5	嵯
뭣	8db8	査
뮌	95ae	憤
므	8db9	沙
미	8dba	瑳
민	8dbd	鎖
믿	8dbf	坐
밀	8dc1	挫
밉	8dc6	哉
밌	8dc7	塞
밍	8dca	彩
밑	8dcd	栽
바	8dd2	犀
박	8dd6	斎
밖	8dd8	菜
반	8dde	材
받	8de1	冴
발	8de2	坂
밝	8de3	阪
밟	8de4	堺
밤	8de5	榊
밥	8de6	肴
밧	8de8	崎
방	8de9	埼
밭	8dea	碕
배	8deb	鷺
백	8dee	咋
밴	8def	搾
뱃	8df1	朔
버	8df2	柵
벅	8df3	窄
번	8df5	索
벌	8df6	錯
범	8df7	桜
법	8df8	鮭
벗	8df9	笹
베	8dfa	匙
벤	8dfb	冊
벨	8dfc	刷
벼	8e42	撮
벽	8e43	擦
변	8e46	薩
별	8e48	皐
볍	8e49	鯖
병	8e4a	捌
보	8e4b	錆
복	8e4c	鮫
본	8e4d	皿
볼	8e50	傘
봄	8e53	惨
봅	8e54	撒
봉	8e56	桟
봐	8e57	燦
봤	9588	譜
봬	8e5b	纂
뵈	8e5c	蚕
뵌	8e60	餐
뵐	8e62	暫
뵙	8e65	仔
부	8e6b	嗣
북	8e7c	旨
분	8e7d	枝
불	8e83	祉
붉	8e85	糸
붓	8e89	脂
붕	8e8c	詞
붙	8e90	諮
브	8e94	飼
븐	95af	扮
블	8e98	侍
비	8e9a	字
빅	95b0	焚
빈	8e9b	寺
빌	8ea0	滋
빙	8ea2	爾
빚	8ea3	璽
빛	8ea4	痔
빠	8ea5	磁
빡	8ea7	而
빤	8eaa	蒔
빨	8eac	汐
빴	8eb0	鴫
빼	8eb1	竺
뺄	958a	賦
뺏	8eb3	宍
뺐	8eb4	雫
뻐	8eb9	嫉
뻔	8ebb	悉
뻗	8ebd	漆
뼈	8ebe	疾
뼛	8ec2	篠
뽐	8ec3	偲
뽑	8ec4	柴
뾰	8ec5	芝
뿌	8ec6	屡
뿐	8ec7	蕊
뿔	8ec8	縞
쁘	8eca	写
쁜	8ece	斜
쁩	8ed0	社
사	8ed1	紗
산	8ed5	遮
살	8ed6	蛇
삶	8ed9	勺
삼	8eda	尺
샀	8edb	杓
상	8ede	酌
새	8ee0	錫
색	8ee4	惹
샌	8ee9	朱
생	9598	葺
샤	8eee	腫
서	8ef2	儒
석	8ef8	綬
섞	8ef9	需
선	8efa	囚
섣	8f42	州
설	8f44	愁
섬	8f46	洲
섭	8f48	秋
섯	8f4a	繍
섰	8f4d	舟
성	8f4e	蒐
세	8f53	輯
센	8f55	酋
셀	8f58	醜
셈	8f59	什
셋	8f5e	戎
셔	8f61	渋
션	8f63	縦
셜	8f65	銃
셨	8f67	夙
소	8f69	淑
속	8f6c	粛
손	8f6d	塾
솔	8f71	述
솜	8f76	竣
송	8f77	舜
쇄	8f78	駿
쇠	8f79	准
쇼	8f7a	循
수	8f7b	旬
숙	8f7c	楯
순	8f7d	殉
술	8f7e	淳
숨	8f81	潤
숫	8f85	遵
숭	8f86	醇
숲	8f8b	暑
숴	8f8d	渚
쉈	8f90	署
쉬	8f92	薯
쉴	8f93	藷
쉽	8f9a	恕
쉿	8f9b	鋤
슈	8fa6	嘗
스	8fa7	奨
슨	8fa8	妾
슬	8fa9	娼
슭	8faa	宵
슴	8fae	尚
습	8faf	庄
슷	8fb0	床
승	8fb1	廠
시	8fb2	彰
식	8fb4	抄
신	8fb6	掌
실	8fb7	捷
싫	8fba	昭
심	8fbb	晶
십	8fbc	松
싱	8fbd	梢
싶	8fbe	樟
싸	8fbf	樵
싼	9599	蕗
쌀	8fc3	湘
쌍	8fc7	症
쌓	8fc9	硝
써	8fca	礁
썩	8fcb	祥
썼	8fcd	章
썽	8fd1	肖
쎄	8fd2	菖
쏘	8fd3	蒋
쏟	8fd4	蕉
쐬	8fd7	訟
쑥	8fd9	詔
쓰	8fdd	醤
쓴	8fde	鉦
쓸	8fdf	鍾
씀	8fe0	鐘
씁	8fe2	鞘
씌	8fe5	丞
씨	8feb	壌
씩	8fef	擾
씬	8ff1	杖
씸	8ff2	浄
씻	8ff4	畳
아	8ff5	穣
악	8ff6	蒸
안	8ff8	醸
앉	8ff9	錠
않	8ffa	嘱
알	8ffb	埴
앓	9042	殖
암	9043	燭
압	904f	唇
앗	9050	娠
았	9052	審
앙	9057	晋
앞	9059	榛
애	905a	浸
액	9060	秦
앤	9063	芯
앨	9064	薪
앳	9066	診
앴	906f	塵
야	9070	壬
약	9072	甚
얄	9074	腎
얌	9075	訊
얍	9079	笥
양	907b	須
얕	907c	酢
얘	907e	厨
어	9086	炊
억	9087	睡
언	9098	据
얻	9099	杉
얼	909a	椙
얽	909b	菅
엄	909c	頗
업	909d	雀
없	909e	裾
엇	90a0	摺
었	90a3	瀬
엉	90a4	畝
에	90a5	是
엑	90a6	凄
엔	90a9	姓
엘	90b1	棲
엣	90b2	栖
엥	95a2	覆
여	90c1	醒
역	90c6	脆
엮	90c7	隻
연	90ca	戚
열	90cb	斥
염	90cd	析
엽	90d2	脊
엾	90d6	蹟
엿	90d7	碩
였	90dd	設
영	90de	窃
옆	90e3	舌
예	90e4	蝉
옛	90e5	仙
옜	90e7	千
오	90eb	尖
옥	90ef	撰
온	90f0	栓
올	90f2	泉
옮	90f7	煎
옳	90f9	旋
옵	90fa	穿
옷	90fb	箭
와	9140	繊
완	9143	舛
왓	9146	詮
왔	9147	賎
왕	9148	践
왜	914a	遷
왠	914b	銭
외	914c	銑
왼	9151	漸
요	9154	禅
욕	9155	繕
용	9157	糎
우	9158	噌
욱	9159	塑
운	915a	岨
울	915c	曾
움	915d	曽
웁	9160	疏
웃	9164	租
웅	916b	遡
워	9171	倉
원	9175	爽
월	9178	匝
웠	9179	惣
웨	917d	挿
웬	917e	掻
위	9185	槽
윈	9187	燥
윌	9198	遭
윙	9199	鎗
유	919a	霜
육	919f	臓
윤	95a3	淵
율	91a0	蔵
으	91a3	促
윽	91a8	捉
은	91b2	卒
을	91b3	袖
음	91b4	其
읍	91bf	汰
응	91c0	詑
의	91c1	唾
이	91c3	妥
익	91c4	惰
인	91c6	柁
일	91c7	舵
읽	91c8	楕
잃	91c9	陀
임	91cb	騨
입	91cd	堆
잇	91d0	岱
있	91d5	戴
잉	91d8	滞
잊	91d9	胎
잎	91da	腿
자	91db	苔
작	91df	逮
잔	91e1	黛
잖	91e2	鯛
잘	91e7	醍
잠	91e9	鷹
잡	91ea	滝
잣	91eb	瀧
장	91ec	卓
잦	91ed	啄
재	91ef	托
잭	95b3	糞
잰	91f2	沢
잿	91f3	濯
쟁	91f4	琢
저	91f6	鐸
적	91f9	茸
전	91fa	凧
절	91fb	蛸
젊	91fc	只
점	9241	但
접	9243	辰
젓	9246	巽
정	9247	竪
젖	9248	辿
제	924b	狸
젠	924c	鱈
젤	924d	樽
져	924f	丹
졌	9252	坦
조	9255	旦
족	9256	歎
존	9257	淡
졸	9258	湛
좀	9259	炭
좁	925c	箪
종	925e	耽
좇	9260	蛋
좋	9264	壇
좌	9268	檀
죄	926f	弛
죠	9272	池
주	9274	稚
죽	9277	蜘
준	927b	畜
줄	927c	竹
줌	927d	筑
줍	9288	宙
줏	928a	抽
중	928f	衷
줘	9292	鋳
줬	9294	樗
쥐	9297	苧
쥔	9298	著
즈	929c	凋
즉	929d	喋
즐	929e	寵
즘	929f	帖
증	92a0	帳
지	92a1	庁
직	95a4	弗
진	92a6	懲
질	92a8	暢
짊	92ab	牒
짐	92ac	町
집	92ae	聴
짓	92af	脹
징	92b0	腸
짖	92b1	蝶
짙	92b3	諜
짜	92b6	銚
짝	92b9	鳥
짤	92ba	勅
짧	92bb	捗
짭	92bd	朕
짱	92c0	賃
째	92c2	陳
쨌	92c3	津
쩌	92c5	椎
쩐	92c6	槌
쩔	92c8	鎚
쩜	92cb	塚
쩡	92cc	栂
쪽	92cd	掴
쫄	92ce	槻
쫓	92cf	佃
쭉	92d0	漬
쭐	92d1	柘
쭙	92d2	辻
쯤	92d3	蔦
쯧	92d4	綴
찌	92d5	鍔
찍	92d6	椿
찔	92d8	坪
찡	92d9	壷
찢	92da	嬬
차	92db	紬
착	92dc	爪
찬	92dd	吊
찮	92df	鶴
찰	92e3	偵
참	92e4	剃
찼	92e5	貞
창	92e6	呈
찾	92e7	堤
채	92ec	廷
책	92ee	悌
챈	92f0	挺
챙	92f2	梯
처	92f3	汀
척	92f4	碇
천	92f5	禎
철	92f8	艇
첨	92f9	訂
첩	92fa	諦
첫	92fb	蹄
청	92fc	逓
체	9340	邸
쳇	9341	鄭
쳐	9345	摘
쳤	9346	擢
초	9348	滴
촉	934a	笛
촌	934c	鏑
총	934e	哲
최	9351	轍
추	9352	迭
축	9353	鉄
춘	9355	填
출	935a	纏
춤	935b	甜
충	935e	顛
춰	9362	澱
췄	9365	兎
취	9367	堵
츠	95b8	丙
측	9369	妬
츰	936a	屠
층	936c	斗
치	936d	杜
칙	9370	菟
친	9374	鍍
칠	9376	砺
침	937a	奴
칩	937e	冬
칭	9380	凍
카	9384	塘
칼	9385	套
캐	95bb	塀
캡	9386	宕
커	938b	搭
컨	938d	桃
컬	938f	棟
컷	9392	湯
컸	9393	涛
케	9395	燈
켄	95bc	幣
켈	9397	痘
켓	9398	祷
켜	939b	筒
켰	939c	糖
코	939f	董
콘	95c1	蔽
콜	93a0	蕩
콧	95c5	頁
쾌	93a1	藤
쿠	93a3	謄
쿨	93a4	豆
쿵	93a8	鐙
퀘	93a9	陶
퀵	93ab	騰
크	93b3	撞
큭	93b4	洞
큰	93b5	瞳
클	93b6	童
큼	93b7	胴
키	93b8	萄
킨	93ba	銅
킬	93bb	峠
킵	93bc	鴇
킹	93bd	匿
타	93c3	禿
탁	93c4	篤
탄	93c8	栃
탈	93c9	橡
탐	93ca	凸
탑	93cc	椴
탓	93ce	鳶
탕	93d0	寅
태	93d2	瀞
택	93d6	敦
탠	93d7	沌
터	93d8	豚
턱	93da	頓
턴	93dc	曇
털	93de	奈
텀	93df	那
테	93e1	乍
텍	93e2	凪
텐	93e3	薙
텔	95c6	僻
템	93e4	謎
텨	93e5	灘
토	93e6	捺
톤	93e7	鍋
톰	93e8	楢
통	93e9	馴
퇴	93eb	畷
투	93ed	楠
툭	93f2	尼
툰	93f3	弐
툴	93f4	迩
툼	93f5	匂
튀	93f6	賑
튈	93f8	虹
트	93f9	廿
특	93fb	乳
튼	9441	尿
틀	9442	韮
틈	9444	妊
틔	9448	禰
티	9449	祢
틴	944a	寧
틸	944b	葱
팀	944c	猫
파	9451	撚
팎	9453	粘
판	9454	乃
팔	9455	廼
패	9456	之
팬	9457	埜
팻	9458	嚢
팽	945e	膿
퍼	9460	覗
펀	9462	巴
펄	9463	把
펐	9464	播
페	9466	杷
펜	9469	琶
펠	946b	婆
펴	946d	芭
편	946f	俳
펼	9475	盃
평	9476	牌
폐	9478	肺
포	947d	媒
폭	947e	梅
폰	9480	楳
폴	9485	賠
폼	9486	陪
표	9487	這
푸	9488	蝿
푹	948a	矧
풀	9490	柏
품	949d	駁
풋	949e	麦
풍	949f	函
퓨	94a1	硲
프	94a2	箸
픈	94a3	肇
플	94a4	筈
픔	94a5	櫨
피	94a6	幡
핀	94a9	畠
필	94ab	鉢
핑	94ac	溌
하	94ae	醗
학	94b3	筏
한	94b5	鳩
할	94b6	噺
함	94b7	塙
합	94b8	蛤
핫	94b9	隼
항	94be	叛
해	94bf	帆
핸	94c0	搬
햇	94c1	斑
했	94c3	氾
행	94c4	汎
햐	94c5	版
향	94c7	班
허	94c8	畔
헉	94cb	藩
헌	94cc	販
험	94ce	釆
헛	94cf	煩
헤	94d0	頒
헬	95c9	碧
헷	94d6	磐
헹	94d7	蕃
혀	94d9	匪
혁	94e0	扉
현	94e1	批
혈	94e2	披
혐	94e5	泌
협	94e8	碑
혔	94ea	緋
형	94ee	誹
혜	94f3	樋
호	94f4	簸
혹	94f7	微
혼	94f8	枇
홀	94f9	毘
홈	94fa	琵
홍	94fb	眉
화	9542	稗
확	9544	疋
환	9546	彦
활	9547	膝
황	9548	菱
회	9549	肘
획	954a	弼
횡	954c	畢
효	954d	筆
후	954e	逼
훈	954f	桧
훌	9551	媛
훔	9554	謬
훗	9555	俵
훨	9556	彪
휘	955a	瓢
휩	955e	豹
휴	955f	廟
흉	9562	秒
흐	9563	苗
흑	9564	錨
흔	9565	鋲
흘	9566	蒜
흠	9567	蛭
흡	9568	鰭
흥	956a	彬
흩	956b	斌
희	956c	浜
히	956d	瀕
힉	956f	賓
힌	9572	瓶
힐	9575	埠
힘	9579	冨
