#위치(BEVENT.DAT)	예산	JP	KO
B0008d6	12	主人公の死亡	주인공 사망
B0010d2	12	主人公の死亡	주인공 사망
B0018d6	12	主人公の死亡	주인공 사망
B0020ca	12	主人公の死亡	주인공 사망
B002907	18	使者が西に逃げ切る	사신이 서쪽 탈출
B00296a	12	主人公の死亡	주인공 사망
B00298b	10	使者の消滅	사신 소멸
B002996	5	ｳれる	=
B002c0e	5	､　　	=
B002c1e	24	アナスタシアについていく	아나스타샤를 따라간다
B002c3f	20	リュークについていく	류크를 따라간다
B002c60	20	ルイーザについていく	루이자를 따라간다
B003903	26	捕虜を奪った中隊を撃破する	포로를 뺏은 중대 격파
B003966	12	主人公の死亡	주인공 사망
B003987	22	砦にいる捕虜を奪われる	요새의 포로를 빼앗김
B0039a8	30	捕虜を奪った中隊が南に逃げ切る	포로를 뺏은 중대가 남쪽 탈출
B00496f	28	援軍２中隊が北東の山を越える	원군２중대 북동쪽 산 넘음
B0049d2	12	主人公の死亡	주인공 사망
B0049f3	22	援軍２中隊が撃破される	원군２중대 격파됨
B005947	20	村人が北西の森に入る	주민 북서쪽 숲 진입
B005968	20	村人が北東の森に入る	주민 북동쪽 숲 진입
B0059aa	12	主人公の死亡	주인공 사망
B0059cb	10	村人の全滅	주민 전멸
B006942	12	主人公の死亡	주인공 사망
B006ba9	6	断　る	거　절
B0079aa	12	主人公の死亡	주인공 사망
B007c60	10	自信がない	자신 없다
B007d8a	6	断　る	거　절
B008038	12	攻撃を続ける	공격 계속
B0089aa	12	主人公の死亡	주인공 사망
B008c91	10	見逃さない	안 놓친다
B008f04	10	見逃さない	안 놓친다
B00917a	10	見逃さない	안 놓친다
B00993f	18	敵の大将を撃破する	적 대장 격파
B0099a2	12	主人公の死亡	주인공 사망
B0099c3	22	敵の大将が北に逃げ切る	적 대장 북쪽 탈출
B0099e5	21	{47}の大将が北に逃げ切る	=
B00a96a	12	主人公の死亡	주인공 사망
B00ae1f	10	見逃さない	안 놓친다
B00b928	17	{47}７中隊を撃破する	=
B00b98a	12	主人公の死亡	주인공 사망
B00b9ac	19	髄ｯが南西に逃げ切る	=
B00b9cd	25	髄ｯ３中隊が南西に逃げ切る	=
B00c94a	12	主人公の死亡	주인공 사망
B00d956	12	主人公の死亡	주인공 사망
B00d977	12	敵が村に入る	적 마을 진입
B00e9b3	26	味方正規軍が北西の森に入る	아군 정규군 북서쪽 숲 진입
B00ea16	12	主人公の死亡	주인공 사망
B00ea37	16	味方正規軍の全滅	아군 정규군 전멸
B00f98b	18	撤退軍が川を越える	철수군 강 건넘
B00f9ee	12	主人公の死亡	주인공 사망
B00fa0f	12	撤退軍の全滅	철수군 전멸
B010957	8	砦を奪う	요새탈취
B0109ba	12	主人公の死亡	주인공 사망
B0109db	20	１７ターンが経過する	１７턴 경과
B011933	20	貴族が南西の砦に到着	귀족 남서 요새 도착
B011996	12	主人公の死亡	주인공 사망
B0119b7	10	貴族の死亡	귀족 사망
B011da3	18	　　戦い続ける　　	　　싸움 계속　　
B0129ff	18	敵４中隊を撃破する	적４중대 격파
B012a20	8	敵の全滅	적 전멸
B012a62	12	主人公の死亡	주인공 사망
B012a83	20	２０ターンが経過する	２０턴 경과
B012cc6	6	いいえ	아니오
B012d3f	12	　ルイーザ　	　루이자　
B012d60	10	アントニオ	안토니오
B012d81	12	ギルフォード	길퍼드
B01414f	8	敵の全滅	적 전멸
B0141b2	12	主人公の死亡	주인공 사망
B0141d3	20	村人が南東の森に入る	주민 남동쪽 숲 진입
B014492	10	任務の達成	임무 달성
B015186	12	主人公の死亡	주인공 사망
B0151a7	20	撤退軍が西の砦に到着	철수군 서쪽요새 도착
B016137	22	救護隊が南西の森に入る	구호대 남서쪽 숲 진입
B01619a	12	主人公の死亡	주인공 사망
B0161bb	12	救護隊の消滅	구호대 소멸
B01640c	8	西に直進	서쪽직진
B01712b	20	貴族が南西に逃げ切る	귀족 남서쪽 탈출
B01714c	20	貴族が北西に逃げ切る	귀족 북서쪽 탈출
B01718e	12	主人公の死亡	주인공 사망
B0171af	16	貴族がさらわれる	귀족이 납치됨
B0173d6	6	いいえ	아니오
B017573	10	南西に変更	남서 변경
B0182a7	20	負傷兵が北に逃げ切る	부상병 북쪽 탈출
B01830a	12	主人公の死亡	주인공 사망
B01832b	12	負傷兵の全滅	부상병 전멸
B0199a7	24	正規軍が南の砦に到着する	정규군 남쪽 요새 도착
B019a0a	12	主人公の死亡	주인공 사망
B019a2b	12	正規軍の全滅	정규군 전멸
B01a953	20	輸送隊が西に逃げ切る	수송대 서쪽 탈출
B01a9b6	12	主人公の死亡	주인공 사망
B01a9d7	12	輸送隊の消滅	수송대 소멸
B01ac19	12	　ルイーザ　	　루이자　
B01b93f	22	撤退軍が北東に逃げ切る	철수군 북동쪽 탈출
B01b9a2	12	主人公の死亡	주인공 사망
B01b9c3	12	撤退軍の全滅	철수군 전멸
B01c9fe	12	主人公の死亡	주인공 사망
B01ca1f	20	１５ターンが経過する	１５턴 경과
B01d9f6	12	主人公の死亡	주인공 사망
B01da17	20	逃走兵が南に逃げ切る	도주병 남쪽 탈출
B01e914	17	ｳ規軍３中隊を撃破	=
B01e976	12	主人公の死亡	주인공 사망
B01e997	28	正規軍２中隊が北西の砦に到着	정규군２중대 북서 요새 도착
B01f99a	12	主人公の死亡	주인공 사망
B01f9bb	22	貴族が北西の森を越える	귀족 북서쪽 숲을 넘음
B01fdef	8	　断る　	　거절　
B02094e	12	主人公の死亡	주인공 사망
B02096f	22	輸送隊が南東に逃げ切る	수송대 남동쪽 탈출
B021a07	26	文化財を奪い南東に逃げ切る	문화재 탈취 후 남동쪽 탈출
B021a6a	12	主人公の死亡	주인공 사망
B021a8b	20	文化財を奪い返される	문화재 탈환당함
B0231c2	12	主人公の死亡	주인공 사망
B0237cc	6	断　る	거　절
B024132	12	主人公の死亡	주인공 사망
B02498a	12	主人公の死亡	주인공 사망
B024c23	6	断　る	거　절
B02595b	20	２０ターンが経過する	２０턴 경과
B0259be	12	主人公の死亡	주인공 사망
B0259df	18	敵が道を東に抜ける	적 동쪽 길 돌파
B025a00	24	敵騎士団が道を東に抜ける	적 기사단 동쪽 길 돌파
B0269b7	20	２０ターンが経過する	２０턴 경과
B026a1a	12	主人公の死亡	주인공 사망
B026a3b	24	砦にある兵糧庫が奪われる	요새의 군량고를 빼앗김
B0279a7	20	２０ターンが経過する	２０턴 경과
B027a0a	12	主人公の死亡	주인공 사망
B027a2b	16	西の砦を奪われる	서쪽 요새 빼앗김
B0289aa	12	主人公の死亡	주인공 사망
B02999f	20	２０ターンが経過する	２０턴 경과
B029a02	12	主人公の死亡	주인공 사망
B029a23	12	城を奪われる	성 빼앗김
B02a937	20	輸送隊が東の森に入る	수송대 동쪽 숲 진입
B02a99a	12	主人公の死亡	주인공 사망
B02a9bb	18	輸送隊が撃破される	수송대 격파됨
B02b983	30	密書を持った中隊が北に逃げ切る	밀서 가진 중대 북쪽 탈출
B02b9e6	12	主人公の死亡	주인공 사망
B02ba07	14	密書を奪われる	밀서 빼앗김
B02bbd1	22	アナスタシアに持たせる	아나스타샤에게 맡긴다
B02bbf2	22	　リュークに持たせる　	　류크에게 맡긴다　
B02bc13	22	　ルイーザに持たせる　	　루이자에게 맡긴다　
B02ca07	28	貴族を捕らえて北西に逃げ切る	귀족 납치 후 북서쪽 탈출
B02ca6a	12	主人公の死亡	주인공 사망
B02ca8b	20	貴族が北東の橋を渡る	귀족 북동 다리 건넘
B02caac	24	貴族をさらった中隊の退却	귀족 납치 중대 퇴각
B02ce19	8	聞かない	무시한다
B02cebc	10	見逃さない	안 놓친다
B02e217	26	書類を奪って北東の森に入る	서류 탈취 북동쪽 숲 진입
B02e27a	12	主人公の死亡	주인공 사망
B02e29b	28	敵の騎士団長が北西の森に入る	적 기사단장 북서쪽 숲 진입
B02e2bc	28	敵の傭兵隊長が北西の森に入る	적 용병대장 북서쪽 숲 진입
B02e2dd	18	書類を奪い返される	서류 탈환당함
B02f8fa	12	主人公の死亡	주인공 사망
B030122	12	主人公の死亡	주인공 사망
B03098e	12	主人公の死亡	주인공 사망
B0319ff	28	防衛線を突破し敵を退却させる	방어선 돌파 후 적 퇴각
B031a62	12	主人公の死亡	주인공 사망
B031a83	20	１７ターンが経過する	１７턴 경과
B0331c6	12	主人公の死亡	주인공 사망
B0331e7	16	兵糧庫を奪われる	군량고 빼앗김
B034113	8	砦の占領	요새점령
B034176	12	主人公の死亡	주인공 사망
B03515e	12	主人公の死亡	주인공 사망
B0360f7	28	味方の騎士団が北西の森に入る	아군 기사단 북서쪽 숲 진입
B03615a	12	主人公の死亡	주인공 사망
B03617b	26	敵の騎士団が北東の橋を渡る	적 기사단 북동쪽 다리 건넘
B03619c	16	味方騎士団の全滅	아군 기사단 전멸
B0371ea	12	主人公の死亡	주인공 사망
B03720b	20	負傷兵が南に逃げ切る	부상병 남쪽 탈출
B038176	12	主人公の死亡	주인공 사망
B038197	20	撤退軍が西に逃げ切る	철수군 서쪽 탈출
B0391ef	8	城の占領	성 점령
B039252	12	主人公の死亡	주인공 사망
B03951f	6	いいえ	아니오
B03a9b2	12	主人公の死亡	주인공 사망
B03a9d3	12	砦を奪われる	요새 빼앗김
B03ba0f	22	正規軍が南東の森に入る	정규군 남동쪽 숲 진입
B03ba72	12	主人公の死亡	주인공 사망
B03ba93	12	正規軍の全滅	정규군 전멸
B03bd23	8	南に行く	남쪽으로
B047122	12	主人公の死亡	주인공 사망
B047355	30	前方へ出て騎士団の手助けをする	앞으로 나가 기사단을 돕는다
B04791a	12	主人公の死亡	주인공 사망
B04813e	12	主人公の死亡	주인공 사망
B04912e	12	主人公の死亡	주인공 사망
B049956	12	主人公の死亡	주인공 사망
B049977	22	敵中隊の西への逃げ切り	적 중대 서쪽 탈출
B04a92a	12	主人公の死亡	주인공 사망
B04a94b	14	グスタフの潰滅	구스타프 괴멸
B04b162	12	主人公の死亡	주인공 사망
B04b3c0	14	一騎討ちを断る	일기토 거절
B04c1b6	12	主人公の死亡	주인공 사망
B04c563	14	一騎討ちを断る	일기토 거절
B04ca3b	22	話し合いの努力を続ける	대화 노력을 계속한다
B04d17a	12	主人公の死亡	주인공 사망
B04d19b	18	輸送隊が南端へ到達	수송대 남단 도달
B04d1ae	11	{76}南端へ到達	=
B04e0bf	14	オルハンの死亡	오르한 사망
B04e122	18	兵糧庫が占領される	군량고 점령당함
B04e143	12	主人公の死亡	주인공 사망
B04e97e	12	主人公の死亡	주인공 사망
B04f97a	12	主人公の死亡	주인공 사망
B0508fe	12	主人公の死亡	주인공 사망
B051102	12	主人公の死亡	주인공 사망
B05193e	12	主人公の死亡	주인공 사망
B05214a	12	主人公の死亡	주인공 사망
B052434	14	一騎討ちを断る	일기토 거절
B05311e	12	主人公の死亡	주인공 사망
B053912	12	主人公の死亡	주인공 사망
B05410a	12	主人公の死亡	주인공 사망
B05412c	17	{7d}ーガレットの撃破	=
B054922	12	主人公の死亡	주인공 사망
B054943	26	主人公以外の自軍中隊が全滅	주인공 외 아군 중대 전멸
B0558fa	12	主人公の死亡	주인공 사망
B05591b	14	ジャンヌの死亡	잔느 사망
B05614a	12	主人公の死亡	주인공 사망
B05711a	12	主人公の死亡	주인공 사망
B05793a	12	主人公の死亡	주인공 사망
B05895e	12	主人公の死亡	주인공 사망
B058ca3	14	一騎討ちを断る	일기토 거절
B0598af	7	{5b}の撃破	=
B05992a	12	主人公の死亡	주인공 사망
B05994b	18	マンフリートの撃破	만프리트 격파
B05a13e	12	主人公の死亡	주인공 사망
B05a4a9	14	一騎討ちを断る	일기토 거절
B05b11a	12	主人公の死亡	주인공 사망
B05c0f3	7	{5b}の撃破	=
B05c10b	28	宝剣を持った部隊が北東へ脱出	보검을 가진 부대 북동쪽 탈출
B05c16e	12	主人公の死亡	주인공 사망
B05c18f	28	宝剣を奪った部隊が撃破される	보검을 뺏은 부대 격파됨
B05c1b0	14	敵騎士団の来援	적 기사단 도착
B05d146	12	主人公の死亡	주인공 사망
B05e1c2	12	主人公の死亡	주인공 사망
B05e546	14	一騎討ちを断る	일기토 거절
B05f08f	7	{5b}の撃破	=
B05f10a	12	主人公の死亡	주인공 사망
B05f12b	10	村人の撃破	주민 격파
B06016a	12	主人公の死亡	주인공 사망
B061206	12	主人公の死亡	주인공 사망
B0616f7	14	一騎討ちを断る	일기토 거절
B0620db	7	{5b}の撃破	=
B062156	12	主人公の死亡	주인공 사망
B062177	24	敵部隊が東端まで逃げ切る	적 부대 동단까지 탈출
B0623d9	30	この作戦を無意味だと考えている	이 작전은 무의미하다고 본다
B063156	12	主人公の死亡	주인공 사망
B06416e	12	主人公の死亡	주인공 사망
B065116	12	主人公の死亡	주인공 사망
B0659ce	12	主人公の死亡	주인공 사망
B065cf4	14	一騎討ちを断る	일기토 거절
B06694a	12	主人公の死亡	주인공 사망
B06791b	7	{5b}の撃破	=
B067996	12	主人公の死亡	주인공 사망
B067c43	14	一騎討ちを断る	일기토 거절
B06890f	7	{5b}の撃破	=
B06898a	12	主人公の死亡	주인공 사망
B068c09	14	一騎討ちを断る	일기토 거절
B06994b	7	{5b}の撃破	=
B0699c6	12	主人公の死亡	주인공 사망
B069d10	14	一騎討ちを断る	일기토 거절
B06a99a	12	主人公の死亡	주인공 사망
B06ac3a	14	一騎討ちを断る	일기토 거절
B06b9d2	12	主人公の死亡	주인공 사망
B06bd62	14	一騎討ちを断る	일기토 거절
B06c933	7	{5b}の撃破	=
B06c9ae	12	主人公の死亡	주인공 사망
B06cc0f	14	一騎討ちを断る	일기토 거절
B06d97a	12	主人公の死亡	주인공 사망
B06dcc1	14	一騎討ちを断る	일기토 거절
B06e9b6	12	主人公の死亡	주인공 사망
B06ed42	14	一騎討ちを断る	일기토 거절
B06f92a	12	主人公の死亡	주인공 사망
