#위치(EXE 파일)	예산	JP	KO
E00086c	8	　§{1b}{43}{37}{6e}	=
E000a9c	10	おじいさん	할아버지
E000aa8	8	城の衛兵	성 위병
E000ab4	14	闘技場の支配人	투기장 관리인
E000ac4	10	酒場の親父	주점 주인
E000ad0	10	宿屋の女将	여관 주인
E000adc	12	訓練所の師範	훈련소 사범
E000aec	12	教会の修道女	교회 수녀
E000afc	10	教会の司祭	교회 사제
E000b08	12	ギルドの親父	길드 주인
E000b18	14	ショップの親父	상점 주인
E000b28	20	{25}{73}をあきらめますか？	{25}{73} 포기합니까？
E000b40	16	{25}{73}を捨てますか？	{25}{73} 버립니까？
E000b54	19	{25}{73}をあきらめました{67}	{25}{73} 포기했습니다{67}
E000b68	15	{25}{73}を捨てました{67}	{25}{73} 버렸습니다{67}
E000b78	52	持ち物がいっぱいです{6e}捨てるアイテムを選んでください{67}	소지품이 가득 찼습니다{6e}버릴 아이템을 고르세요{67}
E000c70	20	{25}{73}でよろしいですか？	{25}{73} 괜찮습니까？
E000c88	32	空白は{31}文字目には入れられません{67}	{31}번째 글자는 공백 불가{67}
E000cac	62	この名前はゲーム上で使われています{6e}別の名前を入力してください{67}	이 이름은 게임에서 쓰이고 있습니다{6e}다른 이름을 입력하세요{67}
E000cec	30	メッセージ速度はどうしますか？	메시지 속도는 어떻게 할까요？
E000d0c	82	主人公の兵種を選択してください{6e}騎兵にするとゲーム序盤を有利に{6e}進めることができます	주인공의 병종을 선택하세요{6e}기병으로 하면 게임 초반을{6e}유리하게 진행할 수 있습니다
E000d60	12	指揮する兵種	지휘 병종
E000d70	10	メッセージ	메시지
E000d7c	26	この設定でよろしいですか？	이 설정으로 괜찮습니까？
E000d98	16	{1b}{43}{36}都市名{1b}{43}{37}　{25}{73}	{1b}{43}{36}도시명{1b}{43}{37}　{25}{73}
E000dac	16	{1b}{43}{36}支配国{1b}{43}{37}　{25}{73}	{1b}{43}{36}지배국{1b}{43}{37}　{25}{73}
E000dc0	16	{1b}{43}{36}領主{1b}{43}{37}　　{25}{73}	{1b}{43}{36}영주{1b}{43}{37}　　{25}{73}
E000dd4	37	{1b}{43}{36}文化度{1b}{43}{37}　{25}{32}{73}　　{1b}{43}{36}滞在{1b}{43}{37}{20}{25}{32}{64}回	{1b}{43}{36}문화도{1b}{43}{37}　{25}{32}{73}　　{1b}{43}{36}체류{1b}{43}{37}{20}{25}{32}{64}회
E000dfc	16	{1b}{43}{36}訓練所{1b}{43}{37}　{25}{73}	{1b}{43}{36}훈련소{1b}{43}{37}　{25}{73}
E000e1c	22	この都市に入りますか？	이 도시에 들어갑니까？
E000e90	8	騎士時代	기사시대
E000e9c	10	中隊長時代	중대장시대
E000ea8	12	エンディング	엔딩
E000eb8	8	任務失敗	임무실패
E000ec4	8	戦闘開始	전투개시
E000ed0	8	任務達成	임무달성
E000edc	10	一騎討ち２	일기토２
E000ee8	10	一騎討ち１	일기토１
E000ef4	10	集団戦闘４	집단전투４
E000f00	10	集団戦闘３	집단전투３
E000f0c	10	集団戦闘２	집단전투２
E000f18	10	集団戦闘１	집단전투１
E000f24	10	敵軍行軍２	적군행군２
E000f30	10	敵軍行軍１	적군행군１
E000f3c	8	自軍行軍	아군행군
E000f48	8	やすらぎ	평온
E000f54	8	味方登場	아군등장
E000f60	14	宿屋、広場、家	여관 광장 집
E000f70	8	ショップ	상점
E000f7c	8	初期設定	초기설정
E000f88	8	女叫び２	여비명２
E000f94	8	女叫び１	여비명１
E000fa0	8	男叫び２	남비명２
E000fac	8	男叫び１	남비명１
E000fb8	8	必殺１２	필살１２
E000fc4	8	必殺１１	필살１１
E000fd0	8	必殺１０	필살１０
E000fdc	8	魔法２８	마법２８
E000fe8	10	女やられ声	여자피격
E000ff4	10	男やられ声	남자피격
E001000	8	魔法２７	마법２７
E00100c	8	魔法２６	마법２６
E001018	8	魔法２５	마법２５
E001024	8	魔法２４	마법２４
E001030	8	魔法２３	마법２３
E00103c	8	魔法２２	마법２２
E001048	8	魔法２１	마법２１
E001054	8	魔法２０	마법２０
E001060	8	魔法１９	마법１９
E00106c	8	魔法１８	마법１８
E001078	8	魔法１７	마법１７
E001084	8	魔法１６	마법１６
E001090	8	魔法１５	마법１５
E00109c	8	魔法１４	마법１４
E0010a8	8	魔法１０	마법１０
E0010b4	8	騎兵前進	기병전진
E0010c0	8	歩兵前進	보병전진
E0010cc	12	サモンゾンビ	서먼 좀비
E0010dc	12	サモンアース	서먼 어스
E0010ec	8	魔法１３	마법１３
E0010f8	8	魔法１２	마법１２
E001104	8	魔法１１	마법１１
E001110	12	タイトル表示	타이틀 표시
E001120	12	レベルアップ	레벨 업
E001130	12	カーソル移動	커서 이동
E001140	10	キャンセル	취소
E00114c	12	ＯＰＴＩＯＮ	=
E00115c	8	項目選択	항목선택
E001168	8	内容選択	내용선택
E001174	8	演奏開始	연주시작
E001180	8	演奏停止	연주정지
E00118c	14	オルハンの魔法	오르한의 마법
E00119c	14	イザベルの魔法	이자벨의 마법
E0011ac	14	コルテスの魔法	코르테스 마법
E0011bc	16	スマイリーの魔法	스마일리 마법
E0011d0	18	ギルフォードの魔法	길퍼드의 마법
E0011e4	16	アントニオの魔法	안토니오 마법
E0011f8	14	ルイーザの魔法	루이자의 마법
E001208	14	リュークの魔法	류크의 마법
E001218	18	アナスタシアの魔法	아나스타샤 마법
E00122c	16	ギルフォード登場	길퍼드 등장
E001240	14	アントニオ登場	안토니오 등장
E001250	16	スマイリーの最後	스마일리의 최후
E001264	14	コルテスの最後	코르테스 최후
E001274	22	シュタインドルフの最後	슈타인돌프의 최후
E00128c	20	廃屋の前で（その３）	폐가 앞에서（３）
E0012a4	20	廃屋の前で（その２）	폐가 앞에서（２）
E0012bc	20	廃屋の前で（その１）	폐가 앞에서（１）
E0012d4	12	ロバート邸前	로버트 저택
E0012e4	36	{7a}この兵種の予備兵は所有していません{67}	{7a}이 병종의 예비병은 없습니다{67}
E00130c	45	{7a}傭兵が足りません{6e}補充されない小隊があります{67}	{7a}용병이 부족합니다{6e}보충 못한 소대가 있습니다{67}
E00133c	40	{7a}出撃予定の各小隊に傭兵を補充しました！{67}	{7a}출격할 소대에 용병을 보충했습니다！{67}
E001368	20	{7a}小隊長を外しました{67}	{7a}소대장을 뺐습니다{67}
E001380	26	{7a}待機中の小隊長はいません{67}	{7a}대기 소대장이 없습니다{67}
E00139c	8	指揮官名	지휘관명
E0013a8	8	第１中隊	제１중대
E0013b4	8	習得魔法	습득마법
E0013c0	24	待機小隊長は存在しません	대기 소대장이 없습니다
E0013dc	12	待機小隊長名	대기소대장명
E0013ec	8	隊列変更	대열변경
E0013f8	22	中隊長は変更出来ません	중대장은 변경 불가
E001410	8	第{25}{79}中隊	제{25}{79}중대
E00141c	8	所有人数	보유인원
E001428	10	配下傭兵名	휘하용병명
E001434	8	傭兵補充	용병보충
E001440	8	中隊編成	중대편성
E00144c	8	戦場全景	전장전경
E001458	45	{7a}スロット１のメモリーカードが{6e}交換されました{67}	{7a}슬롯１의 메모리 카드가{6e}교체되었습니다{67}
E001488	69	{7a}スロット１のメモリーカードには{6e}ゼルドナーシルトＳの記録がありません{67}	{7a}슬롯１의 메모리 카드에는{6e}젤드너실트Ｓ의 기록이 없습니다{67}
E0014d0	110	{7a}メモリーカードの空き容量が不足しています{6e}スロット１に１ブロック以上空きのある{6e}メモリーカードを差してください{67}	{7a}메모리 카드의 여유 공간이 부족합니다{6e}슬롯１에 １블록 이상 비어 있는{6e}메모리 카드를 꽂아 주세요{67}
E001540	44	{7a}スロット１のメモリーカードを初期化しました{67}	{7a}슬롯１의 메모리 카드를 초기화했습니다{67}
E001570	52	{7a}スロット１のメモリーカードを初期化できませんでした{67}	{7a}슬롯１의 메모리 카드를 초기화하지 못했습니다{67}
E0015a8	42	{7a}スロット１のメモリーカードは未初期化です{67}	{7a}슬롯１의 메모리 카드는 미초기화입니다{67}
E0015d4	77	{7a}メモリーカードが壊れています{6e}スロット１に別のメモリーカードを差してください{67}	{7a}메모리 카드가 손상되었습니다{6e}슬롯１에 다른 메모리 카드를 꽂아 주세요{67}
E001624	46	{7a}スロット１にメモリーカードが差さっていません{67}	{7a}슬롯１에 메모리 카드가 꽂혀 있지 않습니다{67}
E001654	8	正常です	정상
E001660	43	スロット１のメモリーカードをチェック中{6e}です	슬롯１의 메모리 카드를 확인 중{6e}입니다
E00168c	10	{25}{34}{64}年{25}{32}{64}月	{25}{34}{64}년{25}{32}{64}월
E0016a4	16	ＮＥＷ　ＤＡＴＡ	=
E0016b8	10	引き受け中	수락 중
E0016c4	8	既に終了	종료됨
E0016d0	16	引き受けていない	수락 안 함
E0016e4	44	主人公の名前　　{20}場所{20}ゲーム年月{20}{20}プレイ時間	주인공 이름     {20}장소{20}게임 연월 {20}{20}플레이시간
E001714	46	ゼルドナーシルト{25}{79}　{25}{73}　{25}{2d}{34}{73}　{25}{79}{25}{79}{25}{79}{25}{79}年{25}{73}{25}{79}月	젤드너실트　　　{25}{79}　{25}{73}　{25}{2d}{34}{73}　{25}{79}{25}{79}{25}{79}{25}{79}년{25}{73}{25}{79}월
E001744	27	正しく記録できませんでした{67}	제대로 기록하지 못했습니다{67}
E001760	19	記録をとりやめます{67}	기록을 취소합니다{67}
E001774	25	新しく記録を作成しました{67}	새 기록을 만들었습니다{67}
E001790	21	記録の更新をしました{67}	기록을 갱신했습니다{67}
E0017a8	50	{7a}新しく記録をつくりますか？{6e}（１ブロック必要です）	{7a}새 기록을 만들겠습니까？{6e}（１블록 필요합니다）
E0017dc	39	{7a}この記録に上書きしてもよろしいですか？	{7a}이 기록에 덮어써도 괜찮습니까？
E001804	74	{7a}スロット１のメモリーカードに記録中です{6e}メモリーカードを抜かないでください	{7a}슬롯１의 메모리 카드에 기록 중입니다{6e}메모리 카드를 빼지 마세요
E001850	69	スロット１のメモリーカードが未初期化です{6e}初期化してもよろしいですか？	슬롯１의 메모리 카드가 미초기화입니다{6e}초기화해도 괜찮습니까？
E001898	76	{7a}スロット１のメモリーカードを初期化中です{6e}メモリーカードを抜かないでください	{7a}슬롯１의 메모리 카드를 초기화 중입니다{6e}메모리 카드를 빼지 마세요
E0018e8	26	ゼルドナーシルトＳの記録を	젤드너실트Ｓ의 기록을
E001904	16	読み込んでいます	불러오는 중
E001918	34	メモリーカードを抜かないでください	메모리 카드를 빼지 마세요
E00193c	21	記録を読み込めません{67}	기록을 못 불러옵니다{67}
E001954	25	この記録は使用できません{67}	이 기록은 쓸 수 없습니다{67}
E001970	23	読み込みをとりやめます{67}	불러오기를 취소합니다{67}
E001988	21	記録を読み込みました{67}	기록을 불러왔습니다{67}
E0019a0	27	{7a}この記録でよろしいですか？	{7a}이 기록으로 괜찮습니까？
E001b38	31	習得している必殺技はありません{67}	습득한 필살기가 없습니다{67}
E001b58	8	必殺技名	필살기명
E001b7c	25	配下傭兵は一人もいません{67}	휘하 용병이 없습니다{67}
E001b98	8	配下傭兵	휘하용병
E001ba4	8	習得魔法	습득마법
E001bb0	8	指揮官名	지휘관명
E001bcc	8	都市情報	도시정보
E001bd8	8	人物情報	인물정보
E001be4	8	能力情報	능력정보
E001bf0	10	主人公情報	주인공정보
E001bfc	24	　　　　　　　　　　　　	=
E001c24	30	装備する所持品を選択して下さい	장비할 소지품을 고르세요
E001c44	29	装備できる品を持っていません{67}	장비 가능한 물건이 없습니다{67}
E001c64	12	{1b}{43}{36}装備品{1b}{43}{37}	{1b}{43}{36}장비품{1b}{43}{37}
E001c74	55	どちらに装備しますか？{6e}左手に装備すると二刀流になります	어느 쪽에 장비합니까？{6e}왼손에 장비하면 이도류가 됩니다
E001cac	62	{7a}現在の装備は二刀流になっているので{6e}左手の片手剣をはずします{67}{7a}	{7a}지금 이도류 장비 상태이므로{6e}왼손의 한손검을 해제합니다{67}{7a}
E001cec	48	{7a}これは両手用の武器です{6e}左手の装備ははずします{67}{7a}	{7a}양손용 무기입니다{6e}왼손 장비는 해제합니다{67}{7a}
E001d20	35	{7a}装備できる所持品がなくなりました{67}{7a}	{7a}장비할 소지품이 없어졌습니다{67}{7a}
E001d44	26	用が済んだら宿屋で宿泊する	용무 후 여관에서 숙박
E001d60	10	民家に行く	민가 방문
E001d6c	12	ギルドに行く	길드로 가기
E001d7c	10	仕事を探す	일 찾기
E001d88	8	滞在都市	체류도시
E001d94	8	行動予定	행동예정
E001da0	18	引き受けている仕事	수락한 일
E001db4	10	{25}{33}{64}年{25}{32}{64}月	{25}{33}{64}년{25}{32}{64}월
E001dc0	8	{25}{73}に行く	{25}{73} 가기
E001dcc	12	{25}{73}の城に行く	{25}{73} 성에 가기
E001ddc	26	用が済んだら城の部屋に帰る	용무 후 성의 방에 돌아감
E001df8	18	城の謁見の間に行く	성 알현실로 가기
E001e0c	29	{7a}はずす装備品を選択して下さい	{7a}해제할 장비품을 고르세요
E001e2c	21	何も装備していません{67}	장비한 것이 없습니다{67}
E001e44	66	{7a}片手剣は左手だけに持つことができません{6e}左手の片手剣もはずします{67}{7a}	{7a}한손검은 왼손에만 들 수 없습니다{6e}왼손의 한손검도 해제합니다{67}{7a}
E001e88	33	{7a}はずせる装備品がなくなりました{67}{7a}	{7a}해제할 장비품이 없어졌습니다{67}{7a}
E001eac	8	装備する	장비하기
E001f04	35	これは両手で持つ武器だよ{6e}買うかい？	이건 양손으로 드는 무기야{6e}살 거야？
E001f28	39	これは両手で持つ武器ですよ{6e}買いますか？	이건 양손 무기예요{6e}사시겠어요？
E001f50	18	装備なさいますか？	장비하시겠어요？
E001f64	14	買われますか？	사시겠어요？
E001f74	10	売るかい？	팔 거야？
E001f80	12	売りますか？	파시겠어요？
E001f90	53	どっちに装備するかい？{6e}左手に装備すると二刀流になるぜ	어느 쪽에 장비할래？{6e}왼손에 장비하면 이도류가 돼
E001fc8	57	どちらに装備しますか？{6e}左手に装備すると二刀流になりますが	어느 쪽에 장비할까요？{6e}왼손에 장비하면 이도류가 되는데요
E002004	14	装備するかい？	장비할래？
E002014	14	装備しますか？	장비할까요？
E002024	10	買うかい？	살 거야？
E002030	12	買いますか？	사시겠어요？
E002040	63	{7a}現在の装備は二刀流になっているので{6e}左手の片手剣をはずしますよ{67}	{7a}지금 이도류 장비 상태이므로{6e}왼손의 한손검을 해제할게요{67}
E002080	57	{7a}現在の装備は二刀流になっているな{6e}左手の片手剣をはずすぜ{67}	{7a}지금 이도류 장비 상태로군{6e}왼손의 한손검을 뺄게{67}
E0020bc	49	{7a}これは両手用の武器です{6e}左手の装備ははずしますよ{67}	{7a}양손용 무기예요{6e}왼손 장비는 해제할게요{67}
E0020f0	43	{7a}これは両手用の武器だ{6e}左手の装備ははずすぜ{67}	{7a}양손용 무기야{6e}왼손 장비는 뺄게{67}
E00211c	12	傭兵団の名称	용병단 이름
E00212c	8	傭兵隊長	용병대장
E002138	18	大いに期待している	크게 기대한다
E00214c	18	わりと期待している	꽤 기대한다
E002160	16	やや期待している	조금 기대한다
E002174	14	特に興味はない	별 관심 없다
E002184	20	不信の念を抱いている	불신하고 있다
E00219c	16	敵意を抱いている	적의를 품고 있다
E0021b0	16	殺意を抱いている	살의를 품고 있다
E0021c4	18	主人公に対する印象	주인공에 대한 인상
E0021d8	10	傭兵団順位	용병단순위
E0021e4	10	各国印象度	각국인상도
E0021f0	10	各国勢力図	각국세력도
E0021fc	14	{1b}{43}{36}仕事内容{1b}{43}{37}	{1b}{43}{36}의뢰내용{1b}{43}{37}
E00220c	9	{1b}{43}{36}雇い主	{1b}{43}{36}고용주
E002218	8	戦闘対象	전투대상
E002224	20	この仕事でいいかい？	이 일로 괜찮겠어？
E00223c	17	{25}{2d}{34}{73}{20}{25}{33}{64}Ｇ{20}{20}{25}{35}{75}人	{25}{2d}{34}{73}{20}{25}{33}{64}Ｇ{20}{20}{25}{35}{75}명
E002250	44	{1b}{43}{36}傭兵名　　　　　{20}兵種{20}契約金　所有人数{1b}{43}{37}	{1b}{43}{36}용병명　　　　　{20}병종{20}계약금　보유인원{1b}{43}{37}
E002280	23	{1b}{43}{36}雇用人数{1b}{43}{37}　{20}{20}{20}{20}{20}人	{1b}{43}{36}고용인원{1b}{43}{37}　{20}{20}{20}{20}{20}명
E002298	23	{1b}{43}{36}必要金額{1b}{43}{37}　{20}{20}{20}{20}{20}Ｇ	{1b}{43}{36}필요금액{1b}{43}{37}　{20}{20}{20}{20}{20}Ｇ
E0022b0	19	{1b}{43}{36}所持金{1b}{43}{37}{20}{25}{37}{6c}{75}Ｇ	{1b}{43}{36}소지금{1b}{43}{37}{20}{25}{37}{6c}{75}Ｇ
E0022c4	21	{1b}{43}{36}所有人数{1b}{43}{37}　{25}{35}{75}人	{1b}{43}{36}보유인원{1b}{43}{37}　{25}{35}{75}명
E0022dc	12	{1b}{43}{36}所持金{1b}{43}{37}	{1b}{43}{36}소지금{1b}{43}{37}
E0022ec	22	{1b}{43}{36}契約金合計{1b}{43}{37}{20}{25}{35}{64}Ｇ	{1b}{43}{36}계약금합계{1b}{43}{37}{20}{25}{35}{64}Ｇ
E002304	36	{1b}{43}{36}必要兵種　　　　{20}人数　{20}契約金{1b}{43}{37}	{1b}{43}{36}필요병종　　　　{20}인원　{20}계약금{1b}{43}{37}
E00232c	11	{25}{33}{64}人{20}{25}{35}{64}Ｇ	{25}{33}{64}명{20}{25}{35}{64}Ｇ
E002338	8	兵種指定	병종지정
E002344	8	一括雇用	일괄고용
E002350	10	情報を聞く	정보 듣기
E00235c	10	傭兵を雇う	용병 고용
E002368	10	仕事を見る	일 보기
E002374	10	仕事に行く	일 나가기
E002380	8	一騎討ち	일기토
E00238c	8	集団戦闘	집단전투
E002398	12	指揮官クラス	지휘관클래스
E0023a8	12	指揮官レベル	지휘관레벨
E0023b8	8	基本能力	기본능력
E0023c4	8	戦闘位置	전투위치
E0023d0	8	地形効果	지형효과
E0023dc	8	兵種相性	병종상성
E0023e8	8	実行時間	실행시간
E0023f4	8	特殊魔法	특수마법
E002400	8	補助魔法	보조마법
E00240c	8	回復魔法	회복마법
E002418	8	攻撃魔法	공격마법
E002424	8	宿泊する	숙박하기
E002430	8	再開する	재개하기
E00243c	8	記録する	기록하기
E002448	16	スパークドリンク	스파클 드링크
E00245c	8	白ワイン	백포도주
E002468	8	赤ワイン	적포도주
E002474	12	ホットミルク	따뜻한 우유
E002484	16	オレンジジュース	오렌지 주스
E002498	22	好きなものを選んでくれ	좋아하는 걸 골라 줘
E0024b0	14	{1b}{43}{36}メニュー{1b}{43}{37}	{1b}{43}{36}메뉴{1b}{43}{37}
E0024c0	12	{1b}{43}{36}所持金{1b}{43}{37}	{1b}{43}{36}소지금{1b}{43}{37}
E0024d0	8	一杯飲む	한잔하기
E0024dc	8	{20}世間話{20}	{20}잡담{20}
E0024e8	10	プレゼント	선물
E0024f4	8	夢を語る	꿈 얘기
E002500	10	情報を聞く	정보 듣기
E00250c	10	{1b}{43}{36}名前{1b}{43}{37}	{1b}{43}{36}이름{1b}{43}{37}
E002518	12	{1b}{43}{36}クラス{1b}{43}{37}	{1b}{43}{36}클래스{1b}{43}{37}
E002528	10	自室に戻る	자기 방
E002534	8	謁見する	알현하기
E002540	8	再開する	재개하기
E00254c	8	記録する	기록하기
E002558	16	－－－－－－－－	=
E00256c	10	異民族子分	이민족졸개
E002578	10	異民族親分	이민족두목
E002584	8	盗賊子分	도적졸개
E002590	8	盗賊親分	도적두목
E00259c	8	山賊子分	산적졸개
E0025a8	8	山賊親分	산적두목
E0025b4	8	海賊子分	해적졸개
E0025c0	8	海賊親分	해적두목
E0025cc	22	{1b}{43}{36}§　{25}{73}　§{1b}{43}{37}{6e}{25}{73}！{67}	=
E0025e4	8	勝利条件	승리조건
E0025f0	8	敗北条件	패배조건
E0025fc	13	現在{25}{32}{64}ターン	현재{25}{32}{64}턴
E00260c	8	指揮官名	지휘관명
E002618	10	配下傭兵名	휘하용병명
E002624	19	敵軍中隊は不明です{67}	적 중대 정보 없음{67}
E002638	8	習得魔法	습득마법
E002644	8	追加報酬	추가보수
E002650	10	出撃指揮官	출격지휘관
E0026a8	8	任務内容	임무내용
E0026b4	8	全体情報	전체정보
E0026c0	8	行動終了	행동종료
E002780	17	ＭＰが足りません{67}	ＭＰ가 부족해요{67}
E002794	8	自軍後列	아군후열
E0027a0	8	自軍中列	아군중열
E0027ac	8	自軍前列	아군전열
E002848	10	配下傭兵名	휘하용병명
E002854	10	{1b}{43}{33}ＶＳ{1b}{43}{37}	=
E0029a4	11	{1b}{43}{36}指揮官名	{1b}{43}{36}지휘관명
E0029b0	23	使える魔法がありません{67}	쓸 마법이 없습니다{67}
E0029c8	8	指揮官名	지휘관명
E0029d4	19	対象が存在しません{67}	대상이 없습니다{67}
E0029e8	17	ＭＰが足りません{67}	ＭＰ가 부족해요{67}
E0029fc	8	自軍前列	아군전열
E002a08	8	自軍中列	아군중열
E002a14	8	自軍後列	아군후열
E002a20	8	敵軍後列	적군후열
E002a2c	8	敵軍中列	적군중열
E002a38	8	敵軍前列	적군전열
E002a44	17	射程が短すぎます{67}	사거리 부족{67}
E002a58	17	{1b}{43}{36}§　{25}{73}　§{1b}{43}{37}{6e}	=
E002a6c	9	弓攻撃！{67}	활공격！{67}
E002a78	17	魔法は使えません{67}	마법 사용 불가{67}
E002a8c	10	{1b}{43}{33}交代{1b}{43}{37}	{1b}{43}{33}교대{1b}{43}{37}
E002a98	36	交代中です{6e}コマンドは実行できません{67}	교대 중입니다{6e}명령 실행 불가{67}
E002ac0	15	実行できません{67}	실행 불가{67}
E002b9c	25	{25}{73}は退却できずに死亡した{67}	{25}{73} 퇴각 못 하고 사망{67}
E002bc4	20	{25}{73}はレベルが上がった	{25}{73} 레벨이 올랐다
E002bdc	30	{6e}{1b}{43}{35}{25}{73}{1b}{43}{37}にクラスチェンジした{67}	{6e}{1b}{43}{35}{25}{73}{1b}{43}{37} 클래스 체인지{67}
E00876e	4	Δ拈	=
E0094ae	4	草饕	=
E01eeea	4	え綯	=
E024266	4	笏斟	=
E02621a	4	ｐ裳	=
E02d57e	4	ｎ灌	=
E02d58a	4	ｎ灌	=
E04b902	20	ｱｯﾐ{0a}ぅﾑ{0a}ぅﾒ{0a}ぅﾓ{0a}ぅ{5c}{69}	=
E0766aa	4	ю祖	=
E0865ce	4	юー	=
E086f56	4	ю饕	=
E086f86	4	ю饕	=
E0870aa	4	瑞ヮ	=
E087ac6	4	ю饕	=
E087af6	4	ю饕	=
E087b26	4	ю饕	=
E0978f6	5	Ξ{21}拭	=
E0a9406	5	繻{21}唖	=
E0b083c	16	－－－－－－－－	=
E0b0a8c	6	小隊長	소대장
E0b0a95	6	中隊長	중대장
E0b0a9e	8	傭兵隊長	용병대장
E0b0aa7	4	騎士	기사
E0b0ab0	4	男爵	남작
E0b0ab9	4	子爵	자작
E0b0ac2	4	伯爵	백작
E0b0acb	4	侯爵	후작
E0b0ad4	4	公爵	공작
E0b0add	4	大公	대공
E0b0ae6	4	国王	국왕
E0b0aef	4	皇帝	황제
E0b0af8	4	議長	의장
E0b0b01	4	貴族	귀족
E0b0b0a	4	皇族	황족
E0b0b13	4	農民	농민
E0b0b1c	4	市民	시민
E0b0b25	4	司祭	사제
E0b0b2e	4	司教	주교
E0b0b37	6	大司教	대주교
E0b0b40	4	法王	법왕
E0b0b49	4	海賊	해적
E0b0b52	4	山賊	산적
E0b0b5b	4	盗賊	도적
E0b0b64	6	異民族	이민족
E0b0b70	4	歩兵	보병
E0b0b75	4	槍兵	창병
E0b0b7a	4	騎兵	기병
E0b0b7f	4	弓兵	궁병
E0b0b84	4	神聖	신성
E0b0b89	4	暗黒	암흑
E0b0b8e	4	水兵	수병
E0b0b94	8	ショップ	상점
E0b0b9d	6	ギルド	길드
E0b0ba6	4	教会	교회
E0b0baf	6	大聖堂	대성당
E0b0bb8	6	訓練所	훈련소
E0b0bc1	4	宿屋	여관
E0b0bca	4	酒場	주점
E0b0bdc	6	闘技場	투기장
E0b0be5	4	広場	광장
E0b0bee	4	民家	민가
E0b0bf7	4	民家	민가
E0b0c00	4	屋敷	저택
E0b0c6f	6	片手斧	손도끼
E0b0c76	6	両手剣	양손검
E0b0c7d	6	両手斧	큰도끼
E0b0c8b	4	衣服	의복
E0b0c92	6	半身鎧	반신갑
E0b0c99	6	全身鎧	전신갑
E0b0ca7	6	リング	반지
E0b0cae	6	お守り	부적
E0b0cb5	6	首飾り	목걸이
E0b0cbc	4	宝石	보석
E0b0cc3	6	芸術品	예술품
E0b0cd1	4	珍品	진품
E0b0cd8	4	書類	서류
E0b0cdf	6	？？？	=
E0b0ce8	6	ＡＴ＋	=
E0b0cef	6	ＤＦ＋	=
E0b0cf6	6	ＡＧ＋	=
E0b0cfd	6	ＭＲ＋	=
E0b0d04	6	ＭＶ＋	=
E0b0d0b	6	ＣＰ＋	=
E0b0d14	4	格闘	격투
E0b0d1b	6	片手剣	한손검
E0b0d22	6	片手斧	손도끼
E0b0d29	6	両手剣	양손검
E0b0d30	6	両手斧	큰도끼
E0b0d3e	6	二刀流	이도류
E0b14f8	6	アイン	아인
E0b1509	10	スペシャル	스페셜
E0b151a	8	マジック	매직
E0b152b	8	ゴールド	골드
E0b1551	4	槍兵	창병
E0b1556	4	騎兵	기병
E0b155b	4	弓兵	궁병
E0b1560	4	速い	빠름
E0b1565	4	普通	보통
E0b1bc8	10	ＡＵＤＩＯ	=
E0b1bd3	6	ＢＧＭ	=
E0b1bde	4	ＳＥ	=
E0b1bec	12	ＳＴＥＲＥＯ	=
E0b1bf9	8	ＭＯＮＯ	=
E0b1c91	4	中列	중열
E0b1c96	4	後列	후열
E0b1d6c	4	前列	전열
E0b1d71	4	中列	중열
E0b1d76	4	後列	후열
E0b2000	16	　　　　　　　　	=
E0b24d3	8	集団戦闘	집단전투
E0b24e0	6	普　通	보　통
E0b24e7	6	速　い	빠　름
E0b24f0	6	見ない	안보기
E0b24f7	6	見　る	보　기
E0b32e3	6	待　機	대　기
E0b32ea	6	魔　法	마　법
E0b3a39	8	敵軍中列	적군중열
E0b3a42	8	敵軍前列	적군전열
E0b3a4b	8	自軍前列	아군전열
E0b3a54	8	自軍中列	아군중열
E0b3a5d	8	自軍後列	아군후열
E0b3fd1	4	中列	중열
E0b3fd6	4	後列	후열
E0b3fdc	4	全軍	전군
E0b3fe1	4	前列	전열
E0b3fe6	4	中列	중열
E0b3feb	4	後列	후열
E0b3ff0	4	前進	전진
E0b3ff5	4	防御	방어
E0b3ffa	4	後退	후퇴
E0b3fff	4	交代	교대
E0b4017	6	前　列	전　열
E0b401e	6	中　列	중　열
E0b4025	6	後　列	후　열
E0b402c	6	前　進	전　진
E0b4033	6	防　御	방　어
E0b403a	6	後　退	후　퇴
E0b4041	6	交　代	교　대
E0b4048	6	弓攻撃	활공격
E0b4050	6	命　令	명　령
E0b4057	6	魔　法	마　법
E0b5a44	17	ＴＰが足りません{67}	ＴＰ가 부족해요{67}
E0b5f83	10	竜神騎士団	용신기사단
E0b5f8e	10	暁星騎士団	효성기사단
E0b5f99	10	光輝騎士団	광휘기사단
E0b5fa4	10	南海騎士団	남해기사단
E0b5faf	10	氷雪騎士団	빙설기사단
E0b6e20	4	攻撃	공격
E0b6e2c	8	ＨＰ回復	ＨＰ회복
E0b6e38	8	ＡＴ低下	ＡＴ저하
E0b6e44	8	ＡＴ上昇	ＡＴ상승
E0b6e50	8	ＤＦ低下	ＤＦ저하
E0b6e5c	8	ＤＦ上昇	ＤＦ상승
E0b6e68	8	ＡＧ低下	ＡＧ저하
E0b6e74	8	ＡＧ上昇	ＡＧ상승
E0b6e80	8	ＭＲ低下	ＭＲ저하
E0b6e8c	8	ＭＲ上昇	ＭＲ상승
E0b6e98	8	士気低下	사기저하
E0b6ea4	8	士気上昇	사기상승
E0b6eb0	4	召喚	소환
E0b6ebc	4	送還	송환
E0b6ec8	8	命令不可	명령불가
E0b6ed4	8	魔法不可	마법불가
E0b6ee0	8	効果無効	효과무효
E0b70b8	14	神聖ラーナ帝国	신성 라나 제국
E0b70c9	6	ラーナ	라나
E0b70ed	8	ザクセン	작센
E0b7111	12	グランクール	그랑쿠르
E0b7135	10	エスタニア	에스타니아
E0b7159	10	マイラルド	마이랄드
E0b717d	10	フェンリル	펜릴
E0b71a1	6	神教団	신교단
E0b7918	16	ティーグル傭兵団	티그르 용병단
E0b7929	14	クロトワ傭兵団	크로토와용병단
E0b793a	10	血煙傭兵団	혈무용병단
E0b794b	16	メデューサ傭兵団	메두사 용병단
E0b795c	12	白バラ傭兵団	백장미용병단
E0b796d	10	葬送傭兵団	장송용병단
E0b797e	14	フォスト傭兵団	포스트 용병단
E0b798f	12	跳ね馬傭兵団	도약마용병단
E0b79a0	14	トロイエ傭兵団	트로이에용병단
E0b79b1	10	銀狼傭兵団	은랑용병단
E0b79c2	12	一角獣傭兵団	일각수용병단
E0b79d3	10	飛燕傭兵団	비연용병단
E0b79e4	10	赤兜傭兵団	적투용병단
E0b79f5	10	暗黒傭兵団	암흑용병단
E0b7a06	12	ゴルト傭兵団	골트 용병단
E0b7a17	14	ヴォーゲ傭兵団	포게 용병단
E0b7a28	10	炎輪傭兵団	염륜용병단
E0b7a39	16	ゲヴァルト傭兵団	게발트 용병단
E0b7a4a	14	アムール傭兵団	아무르 용병단
E0b7a5b	14	旅ガラス傭兵団	철새 용병단
E0b7a6c	14	雷光聖帝騎士団	뇌광성제기사단
E0b7a7d	10	雷鳴騎士団	뇌명기사단
E0b7a8e	10	雷火騎士団	뇌화기사단
E0b7a9f	10	迅雷騎士団	질뢰기사단
E0b7ab0	12	双頭竜騎士団	쌍두룡기사단
E0b7ac1	10	昇竜騎士団	승룡기사단
E0b7ad2	10	火竜騎士団	화룡기사단
E0b7ae3	10	飛竜騎士団	비룡기사단
E0b7af4	10	日輪騎士団	일륜기사단
E0b7b05	10	月光騎士団	월광기사단
E0b7b16	10	彗星騎士団	혜성기사단
E0b7b27	10	流星騎士団	유성기사단
E0b7b38	10	紫雲騎士団	자운기사단
E0b7b49	10	陽炎騎士団	양염기사단
E0b7b5a	10	火影騎士団	화영기사단
E0b7b6b	10	夢幻騎士団	몽환기사단
E0b7b7c	10	白鯨騎士団	백경기사단
E0b7b8d	10	浪牙騎士団	낭아기사단
E0b7b9e	10	海虎騎士団	해호기사단
E0b7baf	10	渦潮騎士団	와류기사단
E0b7bc0	10	樹氷騎士団	수빙기사단
E0b7bd1	10	氷霧騎士団	빙무기사단
E0b7be2	10	氷輪騎士団	빙륜기사단
E0b7bf3	10	氷刃騎士団	빙인기사단
E0b7c04	16	聖マテウス騎士団	성마테우스기사단
E0b7c15	14	神聖ラーナ帝国	신성 라나 제국
E0b7c26	12	ザクセン公国	작센 공국
E0b7c37	16	グランクール王国	그랑쿠르 왕국
E0b7c48	16	エスタニア共和国	에스타니아공화국
E0b7c59	14	マイラルド王国	마이랄드 왕국
E0b7c6a	14	フェンリル王国	펜릴 왕국
E0b7c7b	14	ウィッグ神教団	위그 신교단
E0b7c8c	6	盗賊団	도적단
E0b7c9d	6	山賊団	산적단
E0b7cae	6	海賊団	해적단
E0b7cbf	8	異民族軍	이민족군
E0b7cd0	10	市民革命軍	시민혁명군
E0b7ce1	10	農民反乱軍	농민반란군
E0b7cf2	10	農民義勇軍	농민의용군
E0b7d03	6	無所属	무소속
E0b7d14	4	待機	대기
E0b7d25	4	なし	없음
E0b7d36	6	？？？	=
E0b7d48	6	アイン	아인
E0b7d5d	12	アナスタシア	아나스타샤
E0b7d72	8	リューク	류크
E0b7d87	8	ルイーザ	루이자
E0b7d9c	10	アントニオ	안토니오
E0b7e98	8	ジロドー	지로도
E0b7ead	8	エドガー	에드거
E0b7ec2	6	ユリア	율리아
E0b7ed7	10	ヨハンネス	요한네스
E0b803c	8	オルハン	오르한
E0b8051	10	バーシバル	바시발
E0b8a8e	16	{39}{25}{0a}{2e}ロイトガルト	{39}{25}{0a}{2e}로이트가르트
E0b8b0c	12	{31}{3c}{0a}{31}メアリー	{31}{3c}{0a}{31}메리
E0bb4ee	14	ショートソード	쇼트 소드
E0bb502	12	剣身の短い剣	날이 짧은 검
E0bb51e	6	スパタ	스파타
E0bb532	18	下級兵士が用いる剣	하급병사가 쓰는 검
E0bb54e	8	レイピア	레이피어
E0bb562	24	刺突を得意とした細身の剣	찌르기에 강한 가는 검
E0bb592	20	身幅が広く短く重い剣	넓고 짧고 무거운 검
E0bb5c2	24	斬るにも突くにも適した剣	베기도 찌르기도 좋은 검
E0bb5f2	18	刀身部分が銀製の剣	칼날이 은제인 검
E0bb60c	10	{38}{4a}ムラサメ	{38}{4a}무라사메
E0bb63c	16	ｨ{61}デーモンキラー	ｨ{61}데몬 킬러
E0bb6ce	14	ショートスピア	쇼트 스피어
E0bb6e2	14	単純な作りの槍	단순한 창
E0bb6fe	6	ランス	랜스
E0bb712	20	兵士が持つ一般的な槍	병사용 일반적인 창
E0bb742	24	大きく太い穂先を持った槍	크고 굵은 창날의 창
E0bb772	24	羽の形をした穂先を持つ槍	날개 모양 창날의 창
E0bb7a2	22	最も大きな穂先を持つ槍	가장 큰 창날을 가진 창
E0bb7bc	14	{58}{1b}スコーピオン	{58}{1b}스코피온
E0bb7d2	18	複雑な穂先を持つ槍	복잡한 창날의 창
E0bb81c	16	{38}{4a}ロイヤルランス	{38}{4a}로열 랜스
E0bb84c	12	{40}怎{70}ルチザン	=
E0bb87c	12	{20}ﾋグングニル	{20}ﾋ궁니르
E0bb88f	25	{66}{23}{0a}神が使ったといわれる槍	{66}{23}{0a}신이 썼다는 창
E0bb8ae	12	フランキスカ	프랑키스카
E0bb8c2	24	投げても使える柄の短い斧	투척도 되는 짧은 도끼
E0bb8f2	24	刃の反対側に尖部を持つ斧	날 반대편이 뾰족한 도끼
E0bb922	18	古来より伝わる戦斧	고대의 전투 도끼
E0bb96c	16	ﾈｯスプラッシャー	ﾈｯ스플래셔
E0bb99e	12	ロングソード	롱 소드
E0bb9b2	12	剣身の長い剣	날이 긴 검
E0bb9e2	14	刃幅の広い長剣	날이 넓은 장검
E0bba12	20	進化したロングソード	진화한 롱 소드
E0bba42	22	ブロードソードの強化版	브로드 소드 강화판
E0bba72	22	人の身長くらいある大剣	사람 키만 한 대검
E0bbaa2	24	斬るにも突くにも適した剣	베기도 찌르기도 좋은 검
E0bbb1c	16	ｬ潟{74}ランティング	=
E0bbb92	14	木こりの持つ斧	나무꾼의 도끼
E0bbbc2	22	原住民が使用した重い斧	원주민의 무거운 도끼
E0bbbf2	24	相手を斬る為に作られた斧	적을 베려고 만든 도끼
E0bbc0c	14	閠ルーンアクス	=
E0bbc3c	18	ﾀﾚデスクラッシャー	ﾀﾚ데스 크래셔
E0bbc82	10	貴族の正装	귀족 정장
E0bbcb2	24	貴族パーティー用のドレス	귀족 파티용 드레스
E0bbce2	24	最高級絹で縫われたドレス	최고급 비단 드레스
E0bbcfe	14	レザーアーマー	레더 아머
E0bbd12	12	皮製の軽い鎧	가죽 갑옷
E0bbd42	20	胸を覆う最も単純な鎧	가슴만 가리는 갑옷
E0bbd72	24	鉄板をうろこ状に組んだ鎧	철판 비늘 모양 갑옷
E0bbda2	16	鎖で全身を覆う鎧	사슬 전신 갑옷
E0bbdd2	18	全身を鉄板で覆う鎧	철판 전신 갑옷
E0bbe02	12	銀製の全身鎧	은제 전신갑
E0bbe4c	18	ｨ{61}ミレジュアーマー	ｨ{61}밀레주 아머
E0bbede	16	ラウンドシールド	라운드 실드
E0bbef2	14	円形の木製の盾	둥근 나무 방패
E0bbf0e	10	バックラー	버클러
E0bbf22	20	小さくて軽い円形の盾	작고 가벼운 방패
E0bbf3e	14	カイトシールド	카이트 실드
E0bbf52	14	凧の形をした盾	연 모양 방패
E0bbf82	14	非常に大きな盾	매우 큰 방패
E0bbfb2	16	長方形の強力な盾	강력한 사각 방패
E0bbfe2	14	プラチナ製の盾	백금 방패
E0bc02c	18	{50}{46}マジックシールド	{50}{46}매직 실드
E0bc05d	15	{7d}アースシールド	{7d}어스 실드
E0bc08c	16	絶ソウルシールド	=
E0bc1c1	21	{0a}闘いの神の作った指輪	{0a}투신이 만든 반지
E0bc281	21	{0a}太陽の力の宿るお守り	{0a}태양의 힘 깃든 부적
E0bc29c	12	{20}{35}妖精の守り	{20}{35}요정 부적
E0bc2b1	21	{0a}妖精の力の宿りお守り	{0a}요정의 힘 깃든 부적
E0bc2cc	12	{60}{3b}天空の守り	{60}{3b}천공 부적
E0bc2fc	14	{28}{0a}真珠の首飾り	{28}{0a}진주 목걸이
E0bc3ec	14	､{38}聖母の首飾り	､{38}성모 목걸이
E0bc401	25	{0a}聖母の涙で作られた首飾り	{0a}성모의 눈물 목걸이
E0bc432	16	赤紫色に光る宝石	자줏빛 보석
E0bc462	14	紅色に光る宝石	붉은빛 보석
E0bc492	14	青色に光る宝石	푸른빛 보석
E0bc4c2	14	緑色に光る宝石	초록빛 보석
E0bc4f2	18	７色の光を放つ宝石	일곱 빛깔 보석
E0bc522	22	大陸一の画家の描いた絵	대륙 제일 화가의 그림
E0bc552	24	女神の形に彫って作った像	여신 모양으로 깎은 상
E0bc582	18	東方に伝わる芸術品	동방의 예술품
E0bc5b2	24	象の牙から作られた耳飾り	상아로 만든 귀걸이
E0bc5e2	24	魅惑的な形状の珊瑚の置物	매혹적인 산호 장식품
E0bc612	24	世界の隅々まで見られる本	세계 구석구석을 보는 책
E0bc642	20	世界の色々な言語の本	세계 여러 언어의 책
E0bc672	24	古代猛将が説いた戦術の本	고대 맹장의 전술서
E0bc6a2	20	世界各国の味を知る本	세계 각국 요리책
E0bc6d2	22	古代より伝わる神話の本	고대부터 전하는 신화책
E0bc702	22	料理をおいしくするもの	요리를 맛있게 하는 것
E0bc732	22	名曲をいつでも奏でる箱	명곡을 연주하는 상자
E0bc762	16	伝説の生き物の角	전설 동물의 뿔
E0bc792	24	古代の王がつけていた王冠	고대 왕이 쓰던 왕관
E0bc7c2	20	天使の羽でできた扇子	천사 깃털 부채
E0bc978	8	海賊退治	해적퇴치
E0bc992	8	山賊退治	산적퇴치
E0bc9ac	8	盗賊退治	도적퇴치
E0bc9c6	10	異民族退治	이민족퇴치
E0bc9e0	10	使者の護衛	사신 호위
E0bc9fa	8	捕虜監守	포로감시
E0bca14	10	援軍の護衛	원군 호위
E0bca2e	10	村人の救出	주민 구출
E0bca48	8	海賊退治	해적퇴치
E0bca7c	8	山賊退治	산적퇴치
E0bcab0	8	盗賊退治	도적퇴치
E0bcae4	10	異民族退治	이민족퇴치
E0bcf90	12	輸送隊の護衛	수송대 호위
E0bcfaa	12	負傷兵の救出	부상병 구출
E0bcfc4	10	防衛線突破	방어선돌파
E0bcfde	8	城の占領	성 점령
E0bcff8	8	城の奪還	성 탈환
E0bd012	10	兵糧庫奪取	군량고탈취
E0bd02c	10	兵糧庫奪取	군량고탈취
E0bd046	10	防衛線死守	방어선사수
E0bd060	8	砦の防衛	요새방어
E0bd07a	8	城の防衛	성 방어
E0bd094	10	敵城の占領	적성 점령
E0bd0ae	10	防衛線突破	방어선돌파
E0bd0c8	8	城の占領	성 점령
E0bd0e2	10	進攻軍撃退	침공군격퇴
E0bd0fc	12	輸送隊の撃破	수송대 격파
E0bd116	10	防衛線死守	방어선사수
E0bd130	10	別働隊撃破	별동대격파
E0bd14a	10	駐屯軍撃退	주둔군격퇴
E0bd164	12	援軍合流阻止	원군합류저지
E0bd17e	10	領土の獲得	영토 획득
E0bd268	12	輸送隊の撃破	수송대 격파
E0bd29c	10	山賊の撃退	산적 격퇴
E0bd2b6	8	国境守備	국경수비
E0bd2d0	10	海賊の撃退	해적 격퇴
E0bd2ea	8	伏兵撃破	복병격파
E0d5e0c	7	{1b}{43}{36}§　	=
E0d5e38	4	使者	사신
E0d5e40	6	輸送隊	수송대
E0d5e48	4	信者	신자
E0d5e54	4	弟子	제자
E0d5e5c	6	女の子	소녀
E0d5e64	6	男の子	소년
E0d5e6c	6	若い女	아가씨
E0d5e74	6	若い男	젊은이
E0d5e7c	4	執事	집사
E0d5e8c	6	所持品	소지품
E0d5e94	4	分類	분류
E0d5f00	4	終了	종료
E0d5f08	4	戻る	복귀
E0d5f10	4	選択	선택
E0d5f2c	6	弓　兵	궁　병
E0d5f34	6	騎　兵	기　병
E0d5f3c	6	槍　兵	창　병
E0d5f44	6	歩　兵	보　병
E0d5f5c	4	不明	불명
E0d5f88	4	首都	수도
E0d5f90	4	死亡	사망
E0d5f98	6	戦場へ	전장행
E0d5fa0	4	勇気	용기
E0d5fa8	4	危機	위기
E0d5fb0	6	悲しい	슬픔
E0d5fb8	6	楽しい	즐거움
E0d5fc0	4	屋敷	저택
E0d5fcc	4	教会	교회
E0d5fd4	4	酒場	주점
E0d5fdc	6	闘技場	투기장
E0d5fe4	6	訓練所	훈련소
E0d5fec	6	ギルド	길드
E0d5ff4	4	都市	도시
E0d5ffc	4	大陸	대륙
E0d6004	4	無音	무음
E0d6014	4	歓声	환성
E0d601c	6	必殺９	필살９
E0d6024	6	必殺８	필살８
E0d602c	6	必殺７	필살７
E0d6034	6	必殺６	필살６
E0d603c	6	必殺５	필살５
E0d6044	6	必殺４	필살４
E0d604c	6	必殺３	필살３
E0d6054	6	必殺２	필살２
E0d605c	6	必殺１	필살１
E0d6064	6	攻撃６	공격６
E0d606c	6	攻撃５	공격５
E0d6074	6	攻撃４	공격４
E0d607c	6	攻撃３	공격３
E0d6084	6	攻撃２	공격２
E0d608c	6	攻撃１	공격１
E0d6094	6	魔法９	마법９
E0d609c	6	魔法８	마법８
E0d60a4	6	魔法７	마법７
E0d60ac	6	魔法６	마법６
E0d60b4	6	魔法５	마법５
E0d60bc	6	魔法４	마법４
E0d60c4	6	魔法３	마법３
E0d60cc	6	魔法２	마법２
E0d60d4	6	魔法１	마법１
E0d60e0	4	乱戦	난전
E0d60e8	4	倒す	격파
E0d60f0	4	斬る	베기
E0d60f8	4	出現	출현
E0d6100	4	素手	맨손
E0d6108	4	交戦	교전
E0d6110	4	禁止	금지
E0d6118	4	決定	결정
E0d6154	4	隊列	대열
E0d615c	4	決定	결정
E0d6164	4	外す	해제
E0d616c	4	戻る	복귀
E0d6178	6	傭兵名	용병명
E0d6190	4	人数	인원
E0d61b0	6	自　動	자　동
E0d61c8	6	普　通	보　통
E0d61d0	6	速　い	빠　름
E0d61d8	6	左　手	왼　손
E0d61e0	6	右　手	오른손
E0d61e8	6	しない	안　함
E0d61f0	6	す　る	　함　
E0d61f8	6	２　番	２　번
E0d6200	6	１　番	１　번
E0d6208	6	いいえ	아니오
E0d6210	6	は　い	　예　
E0d6220	4	自室	내방
E0d6228	4	戦闘	전투
E0d6230	4	宿屋	여관
E0d6244	4	都市	도시
E0d624c	4	仕事	의뢰
E0d6254	4	所属	소속
E0d625c	6	所持金	소지금
E0d6264	6	レベル	레벨
E0d626c	4	身分	신분
E0d6274	6	戦闘中	전투중
E0d628c	4	記録	기록
E0d6294	4	再開	재개
E0d6338	6	所持品	소지품
E0d6340	4	分類	분류
E0d6370	6	傭兵名	용병명
E0d6378	4	人数	인원
E0d6380	6	必殺技	필살기
E0d6388	7	クラス{3a}	클래스{3a}
E0d6390	6	装備品	장비품
E0d6398	6	所持金	소지금
E0d63b8	4	身分	신분
E0d63c0	4	年齢	나이
E0d63c8	4	所属	소속
E0d63d0	4	死亡	사망
E0d6404	6	都市名	도시명
E0d640c	6	文化度	문화도
E0d6428	4	滞在	체류
E0d6440	6	大陸歴	대륙력
E0d6448	6	支配国	지배국
E0d6450	4	なし	없음
E0d646c	4	選択	선택
E0d6474	4	変更	변경
E0d647c	6	設　定	설　정
E0d6484	6	編　成	편　성
E0d648c	6	装　備	장　비
E0d6494	6	メ　モ	메　모
E0d649c	6	情　報	정　보
E0d64d4	6	所持品	소지품
E0d650c	6	買　う	구　매
E0d6530	4	国名	국명
E0d6538	4	滅亡	멸망
E0d6540	4	報酬	보수
E0d6548	6	難易度	난이도
E0d6590	6	習　う	습　득
E0d65a8	6	買　う	구　매
E0d65b0	6	魔　法	마　법
E0d65b8	6	兵　種	병　종
E0d65c0	6	指揮官	지휘관
E0d65c8	6	水　兵	수　병
E0d65d0	6	暗黒兵	암흑병
E0d65d8	6	神聖兵	신성병
E0d65e0	6	弓　兵	궁　병
E0d65e8	6	騎　兵	기　병
E0d65f0	6	槍　兵	창　병
E0d65f8	6	歩　兵	보　병
E0d6600	6	人数差	인원차
E0d6608	6	士気値	사기치
E0d6610	6	反　撃	반　격
E0d6618	6	回　避	회　피
E0d6620	6	防　御	방　어
E0d6628	6	必　殺	필　살
E0d6630	6	気　合	기　합
E0d6638	6	攻　撃	공　격
E0d6660	6	必殺技	필살기
E0d6668	6	幻の酒	환상주
E0d6698	6	所持品	소지품
E0d66a0	4	分類	분류
E0d66dc	6	救護隊	구호대
E0d66e4	6	輸送隊	수송대
E0d66ec	4	使者	사신
E0d66f4	4	農民	농민
E0d66fc	4	市民	시민
E0d6704	4	貴族	귀족
E0d670c	4	村人	주민
E0d6714	6	小隊長	소대장
E0d671c	6	中隊長	중대장
E0d6724	4	重傷	중상
E0d672c	4	軽傷	경상
E0d6734	4	良好	양호
E0d6760	5	任務{3a}	임무{3a}
E0d676c	6	アジト	소굴
E0d6788	4	砂浜	해변
E0d6790	4	砂漠	사막
E0d6798	4	平地	평지
E0d67c0	4	草原	초원
E0d67e4	4	人数	인원
E0d67ec	5	所属{3a}	소속{3a}
E0d6810	6	分配金	분배금
E0d6830	6	自　軍	아　군
E0d6838	6	設　定	설　정
E0d6840	6	再　開	재　개
E0d6848	6	記　録	기　록
E0d6850	6	マップ	지　도
E0d6860	4	士気	사기
E0d68d4	6	魔法名	마법명
E0d68dc	4	種類	종류
E0d68e4	4	人数	인원
E0d696c	6	魔法名	마법명
E0d6974	4	種類	종류
E0d6980	4	人数	인원
E0d69bc	6	前　列	전　열
E0d69c4	4	後退	후퇴
E0d69cc	4	防御	방어
E0d69d4	4	前進	전진
E0d6b30	6	必　殺	필　살
E0d6b38	6	気　合	기　합
E0d6b40	6	攻　撃	공　격
E0d6b48	6	反　撃	반　격
E0d6b50	6	回　避	회　피
E0d6b58	6	防　御	방　어
E0d6b60	6	二刀流	이도류
E0d6b6c	6	両手斧	큰도끼
E0d6b74	6	両手剣	양손검
E0d6b7c	6	片手斧	손도끼
E0d6b84	6	片手剣	한손검
E0d6b8c	4	格闘	격투
E0d6bb8	6	弓　兵	궁　병
E0d6bc0	6	騎　兵	기　병
E0d6bc8	6	槍　兵	창　병
E0d6bd0	6	歩　兵	보　병
