#위치(JOBDATA.DAT)	예산	JP	KO
J000000	180	　我が国の近海に海賊が出没し、沿岸の街や船舶をおそっている。\n　そこで、領海の安全をはかるため、海賊退治をしてほしい。\n　海賊のアジトはすでにつき止めてあるので、撃滅は容易であろう。	　우리나라 근해에 해적이 출몰해 연안의 마을과 선박을 습격하고 있다．\n　영해의 안전을 위해 해적을 퇴치해 주었으면 한다．\n　해적 소굴은 이미 찾아 두었으니 격멸은 쉬울 것이다．
J00012e	212	　最近、山間部で山賊が領民をおそうという事件が多発している。\n　山間部の領民の生活を保護するため、１日も早くこの山賊を討伐してもらいたい。\n　すでにアジトはつき止めてある。そこに乗り込み、山賊どもを撃滅してほしい。	　최근 산간 지방에서 산적이 영민을 습격하는 사건이 잦다．\n　산간 영민의 생활을 지키기 위해 하루빨리 이 산적을 토벌해 주었으면 한다．\n　소굴은 이미 찾아 두었다．그곳에 쳐들어가 산적 놈들을 격멸해 주기 바란다．
J000205	24	鈩込み、撃滅させてくれ。	=
J00025c	194	　我が領内で山賊が好き放題に活動している。　これはゆゆしき問題である。\n　そこで、山賊を退治し、領内の治安を回復させてほしい。\n　ただし、盗賊どもの戦力は不明なので、注意して任務を遂行してほしい。	　우리 영내에서 산적이 멋대로 날뛰고 있다．심각한 문제다．\n　산적을 퇴치해 영내의 치안을 회복시켜 주었으면 한다．\n　단 도적 놈들의 전력은 알 수 없으니 조심해서 임무를 수행하기 바란다．
J000320	10	るように。	=
J00038a	212	　東方の異民族が領内に侵入し、村落を略奪している。\n　そこで、国境付近の村落に赴き、異民族の撃退をしてもらいたい。\n　情報では、異民族の戦力はそう多くないらしい。作戦を間違わなければ、任務達成は困難ではないはずだ。	　동방의 이민족이 영내에 침입해 촌락을 약탈하고 있다．\n　국경 부근 촌락으로 가서 이민족을 격퇴해 주었으면 한다．\n　정보로는 이민족 전력은 많지 않다．작전만 그르치지 않으면 임무 달성은 어렵지 않을 것이다．
J000461	25	ｪ役目を果たせるであろう。	=
J000481	11	驍ﾅあろう。	=
J0004b8	207	　数日後、我が国の使者が某国に出発する。使者の目的は重要書類を届けること。\n　ただ、この書類が第３国の手に渡るようなことがあると、我が国は非常な痛手を受ける。　そこで、使者を護衛してくれる傭兵団を探している。	　며칠 뒤 우리나라 사신이 어느 나라로 떠난다．목적은 중요 서류 전달이다．\n　이 서류가 제３국의 손에 넘어가면 우리나라는 큰 타격을 입는다．그래서 사신을 호위할 용병단을 찾고 있다．
J000589	15	ﾉ成功してくれ。	=
J0005e6	204	　我々は先日捕らえた敵兵を、捕虜として監禁している。\n　彼ら捕虜は外交交渉時の取引材料として十分に利用価値がある。\n　この任務は、外交交渉が終了するまで、捕虜が敵の手に渡らないよう監視するというものである。	　우리는 얼마 전 사로잡은 적병을 포로로 가두고 있다．\n　포로는 외교 교섭 때 거래 재료로 충분히 이용 가치가 있다．\n　이 임무는 외교 교섭이 끝날 때까지 포로가 적의 손에 넘어가지 않도록 감시하는 것이다．
J0006b3	47	｢。決して敵の手に渡ることのないようにしてくれ。	=
J0006e5	4	れ。	=
J000714	196	　我が軍の前線は危機的状況にあり、我々は援軍の派遣を決定した。\n　しかし、援軍は前線に到着するまでに敵の攻撃を受けるだろう。\n　そこで、援軍と合流し、援軍が無傷で前線に到着できるよう護衛してほしい。	　우리 군의 전선이 위기에 빠져 원군을 파견하기로 했다．\n　하지만 원군은 전선에 닿기 전에 적의 공격을 받을 것이다．\n　원군과 합류해 원군이 무사히 전선에 도착하도록 호위해 주었으면 한다．
J0007d9	15	{48}い止めてくれ。	=
J0007ed	7	ﾄくれ。	=
J0007f5	39	ら受ける妨害を\n最小限に食い止めてくれ。	=
J000842	279	　数日前、不本意なことではあるが、我が国のある地域が敵に占領された。\n　現在、敵占領地域からの避難民が我が国をめざして移動中である。\n　そこで、彼ら避難民が無事に我が国に到着できるよう、護衛してもらいたい。\n　なお、情報によれば避難民に敵追撃隊が迫っているとのこと。注意してほしい。	　며칠 전 뜻하지 않게 우리나라의 한 지역이 적에게 점령되었다．\n　지금 적 점령지에서 피난민이 우리나라를 향해 이동 중이다．\n　피난민이 무사히 우리나라에 도착하도록 호위해 주었으면 한다．\n　정보에 따르면 피난민에게 적 추격대가 다가오고 있다고 한다．조심하기 바란다．
J000970	270	　海賊が毎日のように客船をおそい、海上の交通が寸断されている。\n　領民の生活に支障が出ている上、対外的にも我が国の面目丸つぶれである。\n　そこで、海賊どもを退治してくれる傭兵団を探している。ヤツらは船を出せば必ず出没するだろうから、その時を逃がさず、確実に退治してほしい。	　해적이 매일같이 여객선을 습격해 바닷길이 끊겼다．\n　영민의 생활에 지장이 생겼을 뿐 아니라 대외적으로도 우리나라의 체면이 말이 아니다．\n　해적 놈들을 퇴치해 줄 용병단을 찾고 있다．배를 띄우면 놈들은 반드시 나타날 테니 그때를 놓치지 말고 확실히 퇴치해 주기 바란다．
J000a9e	230	　我が国近海は海賊に荒らされ、漁師たちは漁に出られず、客船も別の経路を通らざるを得ない。\n　海賊を１日も早く撃滅して、海上の安全を確保したい。\n　なお、海賊は海戦を得意としている。任務遂行にあたっては、それなりの作戦が必要であろう。	　근해가 해적에게 짓밟혀 어부는 고기잡이를 못 나가고 여객선도 다른 뱃길로 다녀야 하는 형편이다．\n　하루빨리 해적을 격멸해 바다의 안전을 확보하고 싶다．\n　해적은 해전에 능하다．임무 수행에는 그에 맞는 작전이 필요할 것이다．
J000bcc	248	　我が国は内政・外交・戦争これら全ての面で素晴らしい国づくりを目指している。\n　ところが、戦乱に乗じて、山賊の類が領民に被害を与えている。\n　山賊を１日も早く退治し、領内の治安を回復させたい。そこで、山賊のアジトに乗り込み、ヤツらを全滅させてほしい。	　우리나라는 내정 외교 전쟁 모든 면에서 훌륭한 나라를 만들고자 한다．\n　그런데 전란을 틈타 산적 무리가 영민에게 피해를 주고 있다．\n　하루빨리 산적을 퇴치해 영내 치안을 되찾고 싶다．산적 소굴에 쳐들어가 놈들을 전멸시켜 주기 바란다．
J000cc5	4	れ。	=
J000cfa	180	　この近くの山林に山賊が潜み、領民に被害を与えている。\n　領内の治安を守るため、速やかに山賊を討伐したい。\n　山賊のアジトはつき止めてある。アジトに乗り込み、ヤツらを討伐してほしい。	　이 근처 산림에 산적이 숨어 영민에게 피해를 주고 있다．\n　영내 치안을 지키기 위해 신속히 산적을 토벌하고 싶다．\n　소굴은 찾아 두었다．소굴에 쳐들어가 놈들을 토벌해 주기 바란다．
J000e28	185	　盗賊たちの悪行が日増しにひどくなって、領民たちの不安も大きくなる一方である。\n　盗賊のアジトの場所は判明している。領民の安全な生活を取り戻すため、アジトに乗り込み連中を退治してほしい。	　도적들의 악행이 날로 심해져 영민의 불안도 커지기만 한다．\n　도적 소굴의 위치는 밝혀졌다．영민의 안전한 생활을 되찾기 위해 소굴에 쳐들어가 놈들을 퇴치해 주기 바란다．
J000f56	163	　終わりの見えない戦争に加えて、近頃では盗賊どもがはびこり、領民は日々の生活に大きな不安を抱いている。\n　そこで、盗賊を退治して、領民の不安の一端を解消してほしい。	　끝이 보이지 않는 전쟁에 더해 요즘은 도적까지 들끓어 영민은 하루하루 큰 불안을 안고 있다．\n　도적을 퇴치해 영민의 불안을 조금이라도 덜어 주기 바란다．
J000ffa	76	盗賊を我が国から消滅させ、領民が我が国に安心感を抱けるようにしてもらいたい。	=
J001084	206	　最近入った情報によると、我が領内に、異民族が毎日のように侵入し、田畑を荒らしているという。\n　そこで、異民族から村落を守ってくれる傭兵団を探している。\n　ヤツらの数はそう多くない。現れしだい撃退してほしい。	　최근 들어온 정보에 따르면 이민족이 매일같이 우리 영내에 침입해 논밭을 망치고 있다고 한다．\n　이민족으로부터 촌락을 지켜 줄 용병단을 찾고 있다．\n　놈들의 수는 많지 않다．나타나는 대로 격퇴해 주기 바란다．
J0011b2	260	　大陸東方に住む異民族が、国境を侵し、村落を荒らしている。\n　東方の異民族と我が国の関係は良好なので、おそらく、一部の連中が命令に従わず行っていると考えられる。\n　そのため、戦力は大したことないはずだ。急いで国境に向かい、侵入してきた異民族を撃退してもらいたい。	　대륙 동방에 사는 이민족이 국경을 넘어 촌락을 망치고 있다．\n　동방 이민족과 우리나라의 관계는 좋으니 아마 일부 무리가 명령을 어기고 벌이는 짓일 것이다．\n　그러니 전력은 대단치 않을 것이다．서둘러 국경으로 가서 침입한 이민족을 격퇴해 주었으면 한다．
J0012e0	276	　敵軍に砦を攻撃され、劣勢になった守備隊に退却を命じたのだが、砦の包囲が厳重で、いまだに退却できずにいる。\n　このままでは、守備隊は全滅し、砦を敵に奪われてしまうであろう。\nそこで、救援に向かってくれる傭兵団を探している。砦は奪われてもかまわない。守備隊の退路を確保してほしい。	　적군에게 요새를 공격당해 열세에 몰린 수비대에 퇴각을 명했으나 요새 포위가 삼엄해 아직도 퇴각하지 못하고 있다．\n　이대로는 수비대가 전멸하고 요새를 적에게 빼앗길 것이다．\n구원하러 가 줄 용병단을 찾고 있다．요새는 빼앗겨도 상관없다．수비대의 퇴로를 확보해 주기 바란다．
J0013f5	21	ﾞ路を確保してほしい。	=
J00140e	164	　先の攻防戦に敗れ、撤退中の軍に敵が迫っている。\n　撤退中の軍には敵を迎え撃つ力は残されていない。\n　そこで、撤退経路に急行し、敵の攻撃から我が軍を守ってもらいたい。	　지난 공방전에서 패해 철수 중인 군에 적이 다가온다．\n　철수군에는 적을 맞받아칠 힘이 없다．\n　철수 경로로 급히 가서 적의 공격에서 우리 군을 지켜 주기 바란다．
J0014b5	69	ってほしい。\n　撤退軍が無事、我が領内にたどり着けるよう援護してくれ。	=
J00153c	274	　現在、我が軍は敵国へ進攻中である。敵は砦を拠点としており、我が軍はその砦を攻撃する予定でいる。\n　そこで、我が軍と共に砦攻略に参加してくれる傭兵団を探している。\n　拠点である砦さえ攻略すれば、敵が退却することは間違いない。我が軍と力を合わせて砦の攻略をぜひ成功させてほしい。	　지금 우리 군은 적국으로 진격 중이다．적은 요새를 거점으로 삼고 있어 우리 군은 그 요새를 공격할 예정이다．\n　우리 군과 함께 요새 공략에 참가할 용병단을 찾고 있다．\n　거점인 요새만 함락하면 적은 틀림없이 퇴각한다．우리 군과 힘을 합쳐 요새 공략을 꼭 성공시켜 주기 바란다．
J00166a	240	　数日後、我が国の貴族が、他国との交渉に向かうことになっている。彼が交渉の席に着けば、その成功は間違いないだろう。\n　だが、交渉が成功することを快く思わない連中が移動中の彼をねらう可能性が高い。\n　そこで、目的地まで彼の援護をしてもらいたい。	　며칠 뒤 우리나라 귀족이 다른 나라와 교섭하러 떠난다．그가 교섭 자리에 앉기만 하면 성공은 틀림없다．\n　하지만 교섭 성공을 달갑지 않게 여기는 무리가 이동 중인 그를 노릴 가능성이 높다．\n　목적지까지 그를 호위해 주었으면 한다．
J001798	232	　我が軍の進攻経路上に敵駐留軍がいる。\n　しかし、彼らとの戦闘は極力避けたい。\n　貴重な兵と時間をムダにしたくない。\n　そこで、駐留軍を引きつけ、我が軍の進攻経路を確保してほしい。\n　できるだけ短時間に、目一杯敵を引きつけてもらいたい。	　우리 군 진격 경로에 적 주둔군이 있다．\n　하지만 그들과의 전투는 되도록 피하고 싶다．\n　귀한 병력과 시간을 낭비하기 싫다．\n　주둔군을 끌어들여 진격 경로를 확보해 주기 바란다．\n　되도록 짧은 시간에 최대한 적을 끌어들여 다오．
J001881	13	ｫつけてくれ。	=
J00188f	4	れ。	=
J0018c6	249	　先日占領した地域のある村で、村人が食糧を大量に奪い、逃走するという事件が発生した。これは我が国への反逆行為である。\n　我が国に反逆するとどうなるかを大陸全土に示さなければならない。\n　すでに逃走経路はつかんである。\n　彼らを捕らえ、全滅させてほしい。	　얼마 전 점령한 지역의 한 마을에서 주민들이 식량을 대량으로 빼앗아 달아났다．이는 우리나라에 대한 반역 행위다．\n　우리나라에 반역하면 어떻게 되는지 대륙 전체에 보여 줘야 한다．\n　도주 경로는 파악했다．\n　그들을 붙잡아 전멸시켜 주기 바란다．
J0019c0	6	しい。	=
J0019f4	229	　先日の攻防戦で我が軍は勝利を収めた。しかし、敵を全滅させるには至らず、いくつかの中隊を逃がしてしまった。それらの中隊はまだ、本隊に合流していないらしい。\n　そこで、残党狩りを行い、逃走中の中隊が本隊に合流する前に撃滅してほしい。	　지난 공방전에서 우리 군은 승리했다．하지만 적을 전멸시키지는 못해 몇몇 중대를 놓치고 말았다．그 중대들은 아직 본대에 합류하지 않은 듯하다．\n　잔당을 소탕해 도주 중인 중대가 본대에 합류하기 전에 격멸해 주기 바란다．
J001b22	227	　先日の攻防戦の負傷兵が、ある地域に取り残されている。\n　我々はそこへ救護隊を派遣し、彼らを救出したいと考えている。\n　その救護隊の護衛を依頼したい。\n　救護隊が無事に負傷兵のもとにたどり着けるよう、道中の安全を確保してほしい。　	　지난 공방전의 부상병이 어느 지역에 남겨져 있다．\n　우리는 그곳에 구호대를 보내 그들을 구출하려 한다．\n　그 구호대의 호위를 의뢰하고 싶다．\n　구호대가 무사히 부상병에게 닿을 수 있도록 도중의 안전을 확보해 주기 바란다．　
J001c09	6	くれ。	=
J001c50	279	　我が国のある貴族が行政活動の拠点を変更するため、移動することになった。この貴族の行政手腕は素晴らしく、他国の重臣たちもこの貴族を欲している。\n　そこで、この貴族の移動中の護衛を頼みたい。他国の連中は、どこで待ち伏せしているかわからない。無事に送り届けるまで気を抜かないでほしい。	　우리나라의 한 귀족이 행정 거점을 옮기게 되었다．이 귀족의 행정 수완은 훌륭해 다른 나라 중신들도 그를 탐내고 있다．\n　그래서 이동 중인 귀족의 호위를 부탁하고 싶다．다른 나라 무리가 어디 매복해 있을지 모른다．무사히 보낼 때까지 방심하지 말기 바란다．
J001d7e	284	　先日の攻防戦で傷ついた将兵が戦場にまだ残っている。彼らは我々にとって大切な戦力であり、死なせるわけにはいかない。\n　しかし、彼らはとても戦える状態ではないので、敵に攻撃されれば、ひとたまりもないであろう。\n　そこで、戦場に行き、彼らが無事戻ってこれるよう、体力を回復させてきてほしい。	　지난 공방전에서 다친 장병이 아직 전장에 남아 있다．그들은 우리에게 소중한 전력이라 죽게 둘 수 없다．\n　하지만 그들은 도저히 싸울 수 있는 상태가 아니라 적에게 공격받으면 버티지 못할 것이다．\n　전장으로 가서 그들이 무사히 돌아올 수 있도록 체력을 회복시켜 주기 바란다．
J001eac	238	　現在、我が国の城が攻められている。敵の攻撃は激しく、城が敵の手に渡るのは時間の問題であろう。\n　ただ、我々としては、城を守備している中隊だけはどうしても救出したい。\n　そこで、前線へ急行し、敵を引きつけて、中隊の脱出経路を確保してほしい。	　지금 우리나라의 성이 공격받고 있다．적의 공격이 거세 성이 적의 손에 넘어가는 건 시간문제다．\n　다만 우리로서는 성을 지키는 중대만은 꼭 구출하고 싶다．\n　전선으로 급히 가서 적을 끌어들여 중대의 탈출 경로를 확보해 주기 바란다．
J001f9b	15	ﾂくってほしい。	=
J001fda	264	　現在、我が軍の前線では、戦闘が長引いたことによる兵糧不足が深刻化している。\n　そのため、我々は前線に輸送隊を派遣することを決定した。しかし、途中で輸送隊が敵の手に落ちる可能性がとても高い。\n　そこで、彼らを護衛し、前線まで無事に送り届けてくれる傭兵団を探している。	　지금 우리 군 전선은 전투가 길어져 군량 부족이 심각하다．\n　그래서 전선에 수송대를 보내기로 했다．하지만 도중에 수송대가 적의 손에 떨어질 가능성이 아주 높다．\n　그들을 호위해 전선까지 무사히 보내 줄 용병단을 찾고 있다．
J002108	264	　我が軍は、先日の攻防戦で勝利を収めることができず、撤退せざるを得なくなった。\n　しかし、撤退中に攻撃されれば、我が軍は間違いなく全滅するであろう。これ以上の戦力喪失は、なんとしても避けたい。\n　撤退中の我が軍が無事に領内に戻れるよう援護する、それがこの任務である。	　우리 군은 지난 공방전에서 이기지 못하고 철수할 수밖에 없게 되었다．\n　하지만 철수 중에 공격받으면 우리 군은 틀림없이 전멸할 것이다．더 이상의 전력 손실은 무슨 일이 있어도 피하고 싶다．\n　철수 중인 우리 군이 무사히 영내로 돌아오도록 엄호하는 것이 이번 임무다．
J002211	4	い。	=
J002236	196	　領内の森に敵兵が潜伏している、という情報が入った。この森は我が軍の進攻経路にあたる。\n　そこで、急いで森へ向かい、敵兵を排除してもらいたい。\n　そして、進攻経路の安全確保を１日も早く行ってほしい。	　영내 숲에 적병이 숨어 있다는 정보가 들어왔다．이 숲은 우리 군의 진격 경로에 해당한다．\n　서둘러 숲으로 가서 적병을 없애 주었으면 한다．\n　그리고 하루빨리 진격 경로의 안전을 확보해 주기 바란다．
J0022fb	15	ｭ確保してくれ。	=
J00230b	13	{6a}してほしい。	=
J002364	232	　我が国の兵が重要書類を持ち出し、敵国への亡命を謀っている。情報によると、彼らはまだ領内の森に潜んでいるらしい。\n　そこで、彼らを見つけだし、撃滅してほしい。\n　彼らの亡命を見逃すわけにはいかない。確実に我が国の恥を消し去ってほしい。	　우리나라 병사가 중요 서류를 빼돌려 적국으로 망명하려 한다．정보로는 아직 영내 숲에 숨어 있다．\n　그들을 찾아내 격멸해 주기 바란다．\n　망명을 놓칠 수는 없다．우리나라의 수치를 확실히 지워 다오．
J00244d	9	ﾁてくれ。	=
J002492	200	　現在、国境付近の山林を、敵の援軍が通過中である、との情報が入った。\n　敵の援軍が到着すれば、前線の戦況は一変し、我が軍は苦戦を強いられるだろう。\n　急いで国境付近の山林へ向かい、援軍を撃破してほしい。	　국경 부근 산림을 적 원군이 지나고 있다는 정보가 들어왔다．\n　적 원군이 도착하면 전선 전황이 뒤집혀 우리 군은 고전할 것이다．\n　서둘러 국경 산림으로 가서 원군을 격파해 다오．
J00255b	45	ｫ、前線に合流する兵を最小限に食い止めてくれ。	=
J0025c0	231	　敵国の有力な貴族が我が国の国境付近を移動中である。\n　彼を暗殺すれば、間違いなく敵国に政治的混乱を引き起こせるだろう。\n　１人で行動しているとは思えないが、このような機会はめったにない。\n　急いで国境に向かい、任務を遂行してほしい。	　적국의 유력 귀족이 우리 국경 부근을 이동 중이다．\n　그를 암살하면 적국에 정치적 혼란을 일으킬 수 있다．\n　혼자 다니지는 않겠지만 이런 기회는 드물다．\n　서둘러 국경으로 가서 임무를 수행해 다오．
J0026a8	18	撃破してきてくれ。	=
J0026bb	4	れ。	=
J0026ee	212	　敵国が前線に輸送隊を派遣した。敵の前線部隊の食糧不足はかなり深刻なものと思われる。\n　そこで、輸送隊を撃破し、敵軍に間接的に打撃を与えたい。\n　おそらく、護衛の兵もいるだろうが、輸送隊だけを撃破してくれればよい。	　적국이 전선에 수송대를 보냈다．적 전선 부대의 식량 부족은 꽤 심각한 듯하다．\n　수송대를 격파해 적군에 간접적인 타격을 주고 싶다．\n　호위병도 있겠지만 수송대만 격파하면 된다．
J00281c	238	　敵領内の岬にある砦に重要文化財が安置されている。その重要文化財を奪ってきてほしい。\n　敵国の誇りである重要文化財がこちらにあれば、交渉を優位に進められる上、他にも色々と利用できる。\n　ただ、警戒は厳重らしいので、任務遂行には注意が必要だ。	　적 영내 곶의 요새에 중요 문화재가 있다．그것을 빼앗아 와 주기 바란다．\n　적국의 자랑인 문화재가 우리 손에 있으면 교섭을 유리하게 끌고 갈 수 있고 쓸모도 많다．\n　경계가 삼엄하다니 조심하기 바란다．
J00294a	222	　先日、敵に奪われた領土にはすでに軍が駐屯しており、領民に苦い思いをさせている。\n　しかし、我が軍は建て直しに時間がかかり、とても出撃できる状態にはない。\n　そこで、我が軍になりかわって、敵を全滅させ、領土を奪回してほしい。	　얼마 전 적에게 빼앗긴 영토에는 이미 적군이 주둔해 영민을 괴롭히고 있다．\n　하지만 우리 군은 재정비에 시간이 걸려 출격할 수 없다．\n　우리 군을 대신해 적을 전멸시키고 영토를 되찾아 다오．
J002a29	21	黷ｵみから救ってくれ。	=
J002a78	229	　敵軍が我が領内に進撃中、という情報が入った。しかし、我が軍の主力は現在、他地域に進攻中であり、敵軍を迎え撃つための戦力は残されていない。\n　そこで、我が軍になりかわって、敵軍を迎撃してほしい。そして、我が国の危機を救ってほしい。	　적군이 우리 영내로 진격 중이라는 정보가 들어왔다．그러나 우리 주력은 다른 지역으로 진격 중이라 맞설 전력이 없다．\n　우리 군을 대신해 적군을 요격해 우리나라의 위기를 구해 다오．
J002b5e	18	じて、戦ってくれ。	=
J002ba6	220	　敵軍は別働隊を編成して我が領内に攻め込もうとしている。我が軍は敵主力との対決をひかえているため、兵力を割けない。\n　そこで、別働隊の撃破をお願いしたい。\n　別働隊が撃破されれば、敵は動揺し、我々も敵主力と戦いやすくなる。	　적군이 별동대를 편성해 우리 영내로 쳐들어오려 한다．우리 군은 적 주력과의 대결을 앞두고 있어 병력을 나눌 수 없다．\n　별동대 격파를 부탁하고 싶다．\n　별동대가 무너지면 적은 동요하고 우리도 적 주력과 싸우기 쉬워진다．
J002c83	21	氓ﾁてもらいたいのだ。	=
J002cd4	244	　現在、激しい攻防を続けている前線だが、戦況は我が軍にとって思わしくない。\n　そこで、前線に赴き、前線部隊と共に戦線を維持してほしい。\n　敵軍は兵糧が不足しているので、ある程度踏ん張れば撤退するはずだ。敵を我が領内に一歩も踏み入れさせないでくれ。	　격렬한 공방이 이어지는 전선의 전황이 우리 군에 좋지 않다．\n　전선으로 가서 전선 부대와 함께 전선을 유지해 다오．\n　적군은 군량이 모자라니 어느 정도 버티면 철수할 것이다．적을 우리 영내에 한 발짝도 들이지 마라．
J002dca	4	い。	=
J002e02	217	　前線にある我が軍の兵糧庫に敵軍勢が迫っている。兵糧庫を奪われることは敗北を意味し、多くの捕虜を出すことになる。\n　そこで、前線に赴き、兵糧庫を守ってほしい。一定期間守り抜けば、敵の兵糧も底をつき、退却するはずである。	　전선에 있는 우리 군 군량고에 적군이 다가오고 있다．군량고를 빼앗기면 패배이며 많은 포로가 생긴다．\n　전선으로 가서 군량고를 지켜 다오．일정 기간 버티면 적의 군량도 떨어져 퇴각할 것이다．
J002edc	47	{41}敵は退却するであろう。兵糧庫だけは守ってくれ。	=
J002f0e	5	ｭれ。	=
J002f30	230	　敵軍が我が軍の砦の占領をもくろみ、進攻してきた。砦は重要拠点であるため、敵に奪われたくない。\n　そこで、砦の防衛をお願いしたい。\n　敵軍は兵糧の問題から、長期戦を避けるはずだ。したがって、ある程度守り抜けば敵軍は退却するであろう。	　적군이 우리 요새를 점령하려고 쳐들어왔다．요새는 중요 거점이라 빼앗기고 싶지 않다．\n　요새 방어를 부탁한다．\n　적군은 군량 문제로 장기전을 피할 것이다．어느 정도 버티면 적군은 퇴각할 것이다．
J00305e	175	　先日の攻防戦で我が軍に勝利し、意気揚がる敵軍が我が領内に進攻してきた。我が軍は、すでに多くの兵を失い、単独では敵を食い止められない。\n　我々に協力し、敵の進攻を阻んでほしい。	　지난 공방전에서 이겨 기세가 오른 적군이 우리 영내로 쳐들어왔다．우리 군은 병력을 많이 잃어 혼자서는 막을 수 없다．\n　우리와 함께 적의 진격을 막아 다오．
J00318c	191	　防御が手薄になっていた我が軍の城に敵の軍勢が迫っている。城をやすやすと明け渡すわけにはいかない。\n　そこで、城の守備をお願いしたい。敵があきらめて退却するまでは、気を抜かず城を守ってほしい。	　방비가 허술해진 우리 성에 적군이 다가오고 있다．성을 쉽게 내줄 수는 없다．\n　성 수비를 부탁한다．적이 포기하고 물러날 때까지 방심 말고 성을 지켜 다오．
J003262	5	ｭれ。	=
J0032ba	239	　国境付近で戦っている部隊へ兵糧を補給する時期がきた。だが、輸送隊を単独で行動させるわけにはいかない。いつ敵に攻撃されるかわからない状況であるからだ。\n　この任務は、国境へ向かう輸送隊の護衛である。何があろうとも、輸送隊だけは守ってほしい。	　국경에서 싸우는 부대에 군량을 보급할 때가 왔다．하지만 수송대를 혼자 보낼 수는 없다．언제 적에게 공격받을지 모르기 때문이다．\n　이 임무는 국경으로 가는 수송대의 호위다．무슨 일이 있어도 수송대만은 지켜 다오．
J0033aa	13	､にしてくれ。	=
J0033e8	172	　他国へ密書を届けてほしい。\n　できるだけ早く届けたいので、危険は伴うものの、最短経路をとってもらいたい。\n　密書を誰の手にも渡したくない。確実に届けることのできる者を求む。	　다른 나라에 밀서를 전해 다오．\n　되도록 빨리 전하고 싶으니 위험하더라도 최단 경로로 가 주기 바란다．\n　밀서가 누구 손에도 넘어가면 안 된다．확실히 전할 자를 구한다．
J003495	48	てはならない。確実に届けることのできる者を求む。	=
J003516	275	　情報によれば、敵国の有力貴族が領内を巡察中であり、数日後には我が国との国境付近を通るらしい。\n　我々はこの機会に彼を捕らえ、外交の武器として利用したいと考えている。\n　彼には強力な護衛がついているが、護衛たちを相手にする必要はない。\n　彼を捕らえることがこの任務の目的である。	　정보로는 적국 유력 귀족이 영내를 순찰 중이며 며칠 뒤 우리 국경 부근을 지난다고 한다．\n　우리는 이 기회에 그를 사로잡아 외교 무기로 쓰고 싶다．\n　그에게는 강한 호위가 붙어 있지만 호위를 상대할 필요는 없다．\n　그를 사로잡는 것이 이 임무의 목적이다．
J003644	172	　敵国の砦に重要書類が保管されている、という情報が入った。\n　その書類があれば、我が国は敵国との戦いを有利に進められる。\n　そこで、その砦から重要書類を奪い取ってきてほしい。	　적국 요새에 중요 서류가 보관되어 있다는 정보가 들어왔다．\n　그 서류가 있으면 적국과의 싸움을 유리하게 이끌 수 있다．\n　그 요새에서 중요 서류를 빼앗아 와 다오．
J0036f1	58	ﾉなるはずである。\n　この機会を逃すわけにはいかないのだ。　	=
J003772	202	　敵は進攻軍を編成し、我が領内に攻め入ろうとしている。\n　しかし、我が軍は先日の戦いで受けた深刻な打撃から立ち直れず、出撃できる状態ではない。\n　そこで、敵の進攻軍を迎え撃ち、我が国の危機を救ってほしい。	　적이 침공군을 편성해 우리 영내로 쳐들어오려 한다．\n　하지만 우리 군은 지난 싸움의 타격에서 회복하지 못해 출격할 수 없다．\n　적 침공군을 맞받아쳐 우리나라의 위기를 구해 다오．
J00383d	68	え撃ってもらいたい。つらい戦いになるかもしれないが、必ず勝ってくれ。	=
J0038a0	240	　敵が派遣した別働隊が国境付近まで迫っている。しかし、我が軍は敵主力と交戦中のため、これを迎え撃つことができない。\n　別働隊の侵入を許せば、戦線全体が崩壊し、我が国は危機に陥るだろう。\n　我が軍にかわって敵別働隊を撃破し、危機を救ってほしい。	　적이 보낸 별동대가 국경 부근까지 다가왔다．그러나 우리 군은 적 주력과 교전 중이라 맞설 수 없다．\n　별동대의 침입을 허락하면 전선 전체가 무너져 우리나라가 위기에 빠진다．\n　우리 군 대신 적 별동대를 격파해 위기를 구해 다오．
J003991	5	ｵい。	=
J0039ce	283	　敵は国境付近に一軍を駐屯させている。この駐屯軍を撃破しないことには敵国の領土を奪うことはできない。　そこで、我が軍は駐屯軍の攻撃を決めた。\n　ただし、我が軍は次に大きな作戦をひかえているため、多くの兵を出すことができない。　我が軍と共に駐屯軍攻撃に参加してくれる傭兵団を探している。	　적은 국경 부근에 한 부대를 주둔시키고 있다．이 주둔군을 격파하지 않고는 적국 영토를 빼앗을 수 없다．그래서 우리 군은 주둔군 공격을 정했다．\n　단 우리 군은 다음 큰 작전을 앞두고 있어 많은 병력을 낼 수 없다．함께 주둔군 공격에 참가할 용병단을 찾고 있다．
J003afc	274	　前線での攻防が長期化している。敵は後方からの援軍を待って、攻撃をかけるつもりであろう。\n　しかし、我々が得た情報によれば、敵国では援軍の編成に手間取っているらしい。我々は今が戦況を打開する機会であると考える。\n　そこで、前線に赴き、敵援軍が到着する前に前線を突破してほしい。	　전선의 공방이 길어지고 있다．적은 후방 원군을 기다려 공격할 셈일 것이다．\n　하지만 우리 정보로는 적국은 원군 편성에 애를 먹고 있다．지금이 전황을 타개할 기회다．\n　전선으로 가서 적 원군이 도착하기 전에 전선을 돌파해 다오．
J003c2a	213	　我が軍が占領している地域で、兵糧庫の守備役が不足している。\n　その役目は賊や敵国に雇われた傭兵から兵糧庫を守る、という単純なものである。\n　そこで、この役目を依頼したい。\n　とにかく兵糧庫を守り抜いてくれればよい。	　우리 군이 점령한 지역에 군량고 수비 인원이 모자란다．\n　그 역할은 도적이나 적국에 고용된 용병으로부터 군량고를 지키는 단순한 일이다．\n　이 역할을 의뢰하고 싶다．\n　아무튼 군량고를 끝까지 지켜 주면 된다．
J003d00	9	黷ﾎよい。	=
J003d58	206	　先の攻防戦で敵に奪われた領土を奪い返してもらいたい。\n　現在、敵は砦に本拠を構築しつつある。そ砦を奪い返せば、敵は撤退するであろう。\n　砦を奪い返し、あの領土が我々のものであることを敵に思い知らせてほしい。	　지난 공방전에서 적에게 빼앗긴 영토를 되찾아 다오．\n　지금 적은 요새에 본거지를 쌓고 있다．요새를 되찾으면 적은 철수할 것이다．\n　요새를 되찾아 그 영토가 우리 것임을 적에게 똑똑히 알려 다오．
J003e86	238	　先日の戦いで我が軍を破った敵軍は、勢いに乗じて我が領内への進攻を開始した。\n　もはや、我が軍だけでは連中を食い止めることができない。\n　連中の進攻を食い止めるには、傭兵の力が必要である。ぜひとも、我が領土を守るための戦いに参加してほしい。	　지난 싸움에서 우리 군을 깬 적군이 기세를 몰아 우리 영내로 진격을 시작했다．\n　이제 우리 군만으로는 놈들을 막을 수 없다．\n　놈들을 막으려면 용병의 힘이 필요하다．부디 우리 영토를 지키는 싸움에 참가해 다오．
J003f75	16	いでもらいたい。	=
J003f86	6	たい。	=
J003fb4	176	　現在、国境付近で激しい戦闘が繰り広げられている。\n　もしも、我が軍が敗れると、あの地域はすべて敵に占領されてしまうだろう。\n　援軍として国境に赴き、我が軍の危機を救ってほしい。	　지금 국경 부근에서 격렬한 전투가 벌어지고 있다．\n　만약 우리 군이 패하면 그 지역은 모두 적에게 점령될 것이다．\n　원군으로 국경에 가서 우리 군의 위기를 구해 다오．
J004065	77	る。それだけは絶対にさけなければならない。\n　頼む、我が領土を守り抜いてくれ。	=
J0040b3	9	ﾁてくれ。	=
J0040e2	270	　先日、あと少しで壊滅できるほどに追いつめた一団を取り逃がしてしまった。\n　彼らが態勢を立て直す前に、完全に叩いておきたい。\n　負傷兵が多いはずなので戦力的には大したことはない。敵方も彼らを救うべく手を打ってくるとは思うが、なんとしても、その前にヤツらを全滅させてほしい。	　얼마 전 조금만 더 하면 괴멸시킬 수 있을 만큼 몰아넣은 부대를 놓치고 말았다．\n　그들이 태세를 정비하기 전에 완전히 쳐 두고 싶다．\n　부상병이 많을 테니 전력은 대단치 않다．적도 그들을 구하려 손을 쓰겠지만 무슨 일이 있어도 그 전에 놈들을 전멸시켜 다오．
J004210	153	　現在、敵軍は後方へ撤退中である。このまま、本隊と合流してしまうと、やっかいなことになる。\n　そこで、撤退軍を追撃し、本隊と合流する前に全滅させてほしい。	　지금 적군은 후방으로 철수 중이다．이대로 본대와 합류하면 골치 아프다．\n　철수군을 추격해 본대와 합류하기 전에 전멸시켜 다오．
J0042aa	46	り近づいている。急いで後を追い、撃滅してくれ。	=
J00433e	184	　国境近くに戦略的に重要な敵の城がある。その城を攻略することに力を貸してほしい。\n　攻略に成功すれば、我が国への侵略の拠点をつぶすことができる。\n　我が軍と共に戦い、城を落としてほしい。	　국경 근처에 전략적으로 중요한 적의 성이 있다．그 성 공략에 힘을 보태 다오．\n　공략에 성공하면 우리나라 침략의 거점을 없앨 수 있다．\n　우리 군과 함께 싸워 성을 함락해 다오．
J0043f7	65	､してもその城を手に入れたい。我が軍と共に戦い、城を落としてくれ。	=
J00446c	194	　先頃、占領した地域は、いつ敵が攻めてきてもおかしくない緊迫した状況下にある。\n　そこで、その地域の拠点である砦を守備してもらいたい。\n　たとえ敵軍が攻めてきても、砦だけは絶対に守り抜いてほしい。	　얼마 전 점령한 지역은 언제 적이 쳐들어와도 이상하지 않은 긴박한 상황이다．\n　그 지역의 거점인 요새를 지켜 주었으면 한다．\n　적군이 쳐들어와도 요새만은 반드시 지켜 다오．
J00452f	57	{7a}したといえる。それだけに、砦だけは絶対に守り抜いてくれ。	=
J004569	4	れ。	=
J00459a	181	　我が軍が前線に派遣する援軍の護衛。それがこの任務である。\n　援軍が通る経路に、海賊が出没する地域がある。さらに、敵国からの妨害も考えられる。　援軍の被害を最小限に食い止めてほしい。	　우리 군이 전선에 보내는 원군의 호위．그것이 이 임무다．\n　원군이 지나는 경로에 해적이 출몰하는 지역이 있다．게다가 적국의 방해도 예상된다．원군의 피해를 최소한으로 막아 다오．
J004651	55	いとも限らない。\n　援軍の被害を最小限に食い止めてくれ。	=
J0046c8	256	　我々が前線に派遣した輸送隊が道中攻撃を受けた。幸い、輸送隊に被害はなかったが、護衛できるものがいない状態になり、孤立してしまっている\n　再び攻撃されると、撃破されることは間違いない。一刻も早く輸送隊のもとに行き、彼\nらを護衛し無事に前線に送り届けてほしい。	　우리가 전선에 보낸 수송대가 도중에 공격받았다．다행히 피해는 없었지만 호위가 없어 고립되어 있다．\n　다시 공격받으면 틀림없이 격파된다．하루빨리 수송대에 가서 그들을 호위해 무사히 전선에 보내 다오．
J0047f6	207	　敵領内で我が軍の負傷兵が救護隊の到着を待ちわびている。我々としては、彼らが戦列に復帰することを期待している。そのため、彼らを失うことはできない。\n　そこで、救護隊として現地に赴き、彼らを救出してもらいたい。	　적 영내에서 우리 부상병이 구호대를 애타게 기다리고 있다．우리는 그들의 전열 복귀를 기대하고 있어 그들을 잃을 수 없다．\n　구호대로서 현지로 가서 그들을 구출해 다오．
J004924	240	　敵国は、我が国との国境となる川に防衛線を引いた。その防衛線突破の役目をあなた方傭兵に任せたい。\n　防衛線を突破された敵が気落ちしている間に我が軍は敵領内に攻め込むつもりでいる。\n　それ故、我が軍は戦闘には参加しない。好きなように暴れてくれ。	　적국이 우리 국경인 강에 방어선을 쳤다．그 방어선 돌파를 용병인 여러분에게 맡기고 싶다．\n　방어선이 뚫려 적이 낙심한 틈에 우리 군은 적 영내로 쳐들어갈 생각이다．\n　그러니 우리 군은 전투에 참가하지 않는다．마음껏 날뛰어 다오．
J004a52	264	　敵国が我が国に進攻するため、国境付近に城を建てた。そこを拠点に我が国に進攻を始めるつもりであろう。\n　しかし、その城に兵はまだ集結されていないらしい。今がその城を攻め落とす最後の機会といえる。\n　そこで、我が軍と共に敵の兵が集結する前にその城を攻め落としてほしい。	　적국이 우리나라를 침공하려고 국경 부근에 성을 지었다．그곳을 거점으로 침공을 시작할 셈이다．\n　하지만 그 성에 병력은 아직 모이지 않은 듯하다．지금이 그 성을 함락할 마지막 기회다．\n　우리 군과 함께 적병이 모이기 전에 그 성을 함락해 다오．
J004b80	227	　先日、我々の戦闘の拠点である城が奪われた。敵はそこを拠点に攻撃を開始するであろう。その前にどうしても奪い返したい。\n　あなた方が城を奪い返せば、そこを拠点に我々は一気に敵領内に攻め込むつもりでいる。　絶対に城を取り返してくれ。	　얼마 전 우리 전투 거점인 성을 빼앗겼다．적은 그곳을 거점으로 공격을 시작할 것이다．그 전에 꼭 되찾고 싶다．\n　여러분이 성을 되찾으면 우리는 그곳을 거점으로 단숨에 적 영내로 쳐들어갈 생각이다．반드시 성을 되찾아 다오．
J004cae	236	　敵軍の駐屯している地域に我が軍を進攻させる。あなた方にその戦闘を手伝ってもらいたい。\n　そこには兵糧庫があり、その兵糧庫を奪えば、敵は戦うのをあきらめて退却を始めるであろう。\n　無理に全滅させなくてよい。敵をその地域から追い払ってくれ。	　적군이 주둔한 지역으로 우리 군을 진격시킨다．여러분이 그 전투를 도와주었으면 한다．\n　그곳엔 군량고가 있어 그것을 빼앗으면 적은 싸움을 포기하고 퇴각할 것이다．\n　억지로 전멸시킬 필요는 없다．적을 그 지역에서 쫓아내 다오．
J004d9f	10	ってくれ。	=
J004ddc	230	　敵領内に攻め込み兵糧庫を奪ってもらいたい。\n　我が軍も兵を出し、敵の兵糧庫を奪うことに協力する。敵の兵糧庫を奪えば、敵は確実に退却するであろう。\n　こちらの兵糧には限りがあるので、戦場では、兵糧庫を奪うことだけを考えて戦ってくれ。	　적 영내로 쳐들어가 군량고를 빼앗아 다오．\n　우리 군도 병력을 내어 군량고 탈취를 돕는다．적의 군량고를 빼앗으면 적은 확실히 퇴각할 것이다．\n　우리 군량에는 한계가 있으니 전장에서는 군량고를 빼앗는 것만 생각하고 싸워 다오．
J004f0a	193	　我が領内の河川付近に敵軍が攻め込んできた。敵はその川を渡ったところにある村落を目指している模様である。\n　村落を攻められるわけにいかない我々は敵をそこで食い止め、追い払うための兵を求めている。	　우리 영내 강 근처로 적군이 쳐들어왔다．적은 강 건너 촌락을 노리는 듯하다．\n　촌락을 공격받을 수 없는 우리는 적을 그곳에서 막아 쫓아낼 병력을 구한다．
J005038	254	　我が軍は敵軍との攻防で徐々に後退させられ、拠点である砦付近まで来ている。ここで砦を奪われてしまうと、その戦闘の敗北は確実なものになってしまう。\n　そこで、砦付近で戦闘に参加し、とにかく砦を守ってもらいたい。\n　敵に攻撃するのもよいが、砦だけは奪われるな。	　우리 군은 적과의 공방에서 점점 밀려 거점인 요새 부근까지 왔다．여기서 요새를 빼앗기면 그 싸움의 패배는 확실해진다．\n　요새 부근 전투에 참가해 아무튼 요새를 지켜 다오．\n　적을 공격해도 좋지만 요새만은 빼앗기지 마라．
J005166	267	　我々は敵との攻防で徐々に後退させられ、ついに城の付近にまで撤退させられた。ここでの攻防に敗れると、城を奪われ、その領土を奪われたことになる。それだけは絶対にさけたいところである。\n　そこで、城付近で我が軍と共に敵を迎え撃ってほしい。何が何でも城だけは守り抜いてくれ。	　우리는 적과의 공방에서 점점 밀려 마침내 성 부근까지 물러났다．여기서 지면 성을 빼앗기고 그 영토도 잃는다．그것만은 절대 피하고 싶다．\n　성 부근에서 우리 군과 함께 적을 맞받아쳐 다오．무슨 일이 있어도 성만은 지켜 다오．
J005294	265	　敵の城付近の攻防で、我が軍は苦戦を強いられている。\n　城を占領すれば敵は退却するであろうが、こちらの兵糧の残りも多くはないので、早急に城を占領してしまいたい。\n　そこで、あなた方の力を借りて敵の城を占領し、この攻防を終わらせたい。\n　一刻も早く敵の城を占領してくれ。	　적 성 부근의 공방에서 우리 군은 고전하고 있다．\n　성을 점령하면 적은 퇴각하겠지만 우리 군량도 얼마 남지 않아 서둘러 성을 점령하고 싶다．\n　여러분의 힘을 빌려 적 성을 점령하고 이 공방을 끝내고 싶다．\n　하루빨리 적 성을 점령해 다오．
J0053c2	238	　敵味方互いに相手領内への進攻をもくろみ、、激しい攻防の始まりそうな地域がある。\n　そこに赴き、我が軍が敵領内へ踏み込むことに協力してもらいたい。\n　敵領内に踏み込むことだけでなく、敵が我が領内を目指して突撃してくるのを防ぐことも忘れるな。	　서로 상대 영내로의 진격을 노려 격렬한 공방이 벌어질 듯한 지역이 있다．\n　그곳으로 가서 우리 군이 적 영내로 쳐들어가는 걸 도와 다오．\n　적 영내로 쳐들어가는 것뿐 아니라 적이 우리 영내로 돌격해 오는 걸 막는 것도 잊지 마라．
J0054f0	217	　敵の戦闘の拠点である城を占領してもらいたい。城を占領すると、我が軍は一気に勢いに乗ることができる。\n　大事な戦闘なので、我が軍も戦場に赴き共に戦うことになるが、細かな指示を出すつもりはない。思う存分敵を撃破してくれ。	　적의 전투 거점인 성을 점령해 다오．성을 점령하면 우리 군은 단숨에 기세를 탈 수 있다．\n　중요한 전투라 우리 군도 전장에 나가 함께 싸우지만 세세한 지시는 하지 않겠다．마음껏 적을 격파해 다오．
J0055ca	5	ﾄくれ	=
J00561e	220	　敵軍が我が国への本格的な進攻を開始したその軍は我が領内近辺まできている。\n　我々はその軍を迎え撃ち、全滅させてしまうつもりでいる。その際、援軍としてあなた方の力を借りたい。\n　この迎撃を確実に成功させるために動いてくれ。	　적군이 우리나라 침공을 본격적으로 시작했다．그 군이 우리 영내 근처까지 와 있다．\n　우리는 그 군을 맞받아쳐 전멸시킬 생각이다．그때 원군으로 여러분의 힘을 빌리고 싶다．\n　이 요격이 확실히 성공하도록 움직여 다오．
J00574c	259	　『我が領土近辺の河川敷を他国の輸送隊が通過する』という情報が入った。おそらく、この輸送隊は我が国と戦闘中の国のもので、前線に向かっているのだと思われる。\n　その輸送隊を撃破してもらいたい。彼らも十分注意して移動しているとは思われるが、逃がすことのないように。	　『우리 영토 근처 강변을 다른 나라 수송대가 지난다』는 정보가 들어왔다．아마 우리와 교전 중인 나라의 것으로 전선으로 가는 중일 것이다．\n　그 수송대를 격파해 다오．그들도 충분히 조심해 이동하겠지만 놓치는 일이 없도록．
J00587a	244	　我が軍は国境付近の山間部に防衛線を引いた。その防衛線の一部になってもらいたい。\n　敵は防衛線での戦闘をできるだけさけ、被害を最小限にとどめて、領内に踏み込むつもりでいる。\n　敵に防衛線を越えさせてはならない。越えようとする者は全て撃破してくれ。	　우리 군은 국경 부근 산간에 방어선을 쳤다．그 방어선의 일부가 되어 다오．\n　적은 방어선에서의 전투를 되도록 피하고 피해를 최소한으로 줄여 영내로 들어올 셈이다．\n　적에게 방어선을 넘게 해서는 안 된다．넘으려는 자는 모두 격파해 다오．
J0059a8	265	　我が領内に進攻中の敵軍を我が軍の主力で迎え撃っていたところ、敵は別働隊を派遣し別の経路で進攻していた。早急に軍を手配しなければ一大事になりかねない。\n　そこで、あなた方傭兵にその別働隊撃破をまかせたい。別働隊であるから、あなた方だけで十分任務は果たせるはずである。	　우리 영내로 진격 중인 적군을 우리 주력이 맞받아치던 중 적이 별동대를 보내 다른 경로로 진격해 왔다．서둘러 군을 준비하지 않으면 큰일이다．\n　그래서 용병인 여러분에게 그 별동대 격파를 맡기고 싶다．별동대이니 여러분만으로 충분히 임무를 완수할 수 있을 것이다．
J005ad6	219	　敵国は我が国との国境付近に駐屯軍を配置し、常に我が国の動きを監視し、進攻の機会をうかがっている。\n　我が国にとって目障りなその駐屯軍を撃破\nしてもらいたい。\n　我々が動くと敵も動き出すので、あなた方傭兵だけで戦ってくれ。	　적국은 우리 국경 부근에 주둔군을 두고 늘 우리 움직임을 감시하며 침공 기회를 엿보고 있다．\n　우리에게 눈엣가시인 그 주둔군을 격파\n해 다오．\n　우리가 움직이면 적도 움직이니 용병인 여러분끼리 싸워 다오．
J005c04	253	　現在、我が国と敵国の戦闘は、我が国有利の状況にある。敵国はその状況を逆転するため、援軍を送り込もうとしている。\n　そこで、援軍が前線に到着する前に、できるだけ多く撃破してもらいたい。彼らの通る経路は１つしか考えられない。先回りして彼らを迎え撃てばよい。	　지금 우리와 적국의 전투는 우리가 유리한 상황이다．적국은 이를 뒤집으려고 원군을 보내려 한다．\n　원군이 전선에 도착하기 전에 되도록 많이 격파해 다오．그들이 지날 경로는 하나뿐이다．앞질러 가서 맞받아치면 된다．
J005d32	192	　敵領土に攻め込み、我が国の領土拡大に協力してもらいたい。\n　戦闘が長引くことは、守る側にとって好都合となるので、長期戦だけはさけてほしい。\n　我が軍と共に、我が国の大陸統一のために戦ってくれ。	　적 영토로 쳐들어가 우리나라의 영토 확장을 도와 다오．\n　전투가 길어지면 지키는 쪽에 유리하니 장기전만은 피해 다오．\n　우리 군과 함께 우리나라의 대륙 통일을 위해 싸워 다오．
J005e60	269	　この街のすぐそばを流れる川沿いに、敵国が防衛線を築いている。川を天然の障壁としたこの防衛線は非常に強固で、今までいくつもの傭兵団に突破を依頼したが、いまだ成功していない。\n　そこで一軍を派遣することが決定した。我が軍と協力して防衛線を突破してくれる傭兵団を探している。	　이 도시 바로 옆을 흐르는 강을 따라 적국이 방어선을 쌓았다．강을 천연 방벽 삼은 이 방어선은 매우 견고해 지금까지 여러 용병단에 돌파를 맡겼지만 아직 성공하지 못했다．\n　그래서 한 부대를 파견하기로 했다．우리 군과 협력해 방어선을 돌파할 용병단을 찾고 있다．
J005f6e	7	ﾄいる。	=
J005f8e	191	　この街のそばに大きな湖があるのだが、その湖の向こうに敵国の砦が建設され、我が国に対する侵略の拠点となりつつある。\n　この砦をつぶすため我が軍は出撃する。これに同行して砦攻撃に加わってほしい。	　이 도시 곁에 큰 호수가 있는데 그 너머에 적국 요새가 세워져 우리나라 침략의 거점이 되어 가고 있다．\n　이 요새를 부수려 우리 군이 출격한다．함께 가서 요새 공격에 가담해 다오．
J00604e	7	ﾙしい。	=
J0060bc	193	　国境付近にいる見張りからの報告により、敵国の軍勢が我が国へ向けて行軍していることが明らかになった。\n　これに対し、我が国では月光騎士団の派遣を決定した。さらに彼らに同行する傭兵団を探している。	　국경 감시병의 보고로 적국 군세가 우리나라를 향해 행군 중인 것이 밝혀졌다．\n　이에 우리나라는 월광 기사단 파견을 결정했다．그들과 함께 갈 용병단을 찾고 있다．
J0061ea	175	　この街からそう遠くない森の奥に、我が国への進攻を企てる敵軍が駐屯している。\n　このままではいつこの街に敵が侵入してくるかわからない。我が軍と共に、この駐屯軍を撃退してほしい。	　이 도시에서 멀지 않은 숲 깊은 곳에 우리나라 침공을 꾀하는 적군이 주둔하고 있다．\n　이대로는 언제 적이 도시로 들어올지 모른다．우리 군과 함께 이 주둔군을 격퇴해 다오．
J00629a	53	墲ｪ国の騎士団とともに、この敵騎士団を撃退してほしい。	=
J006318	263	　最近、国境付近で敵軍と我が軍のにらみ合いが続いている。ところが、戦局を打開するために敵国は援軍を派遣したらしい。このままでは我が軍が危ない。\n　そこで、我が軍は、援軍を本隊と合流する前に叩きつぶそうと思う。わが国の誇る白鯨騎士団と共に、この役目を果たしてほしい。	　요즘 국경 부근에서 적군과 우리 군의 대치가 이어지고 있다．그런데 적국이 전국을 타개하려 원군을 보낸 듯하다．이대로는 우리 군이 위험하다．\n　그래서 원군이 본대와 합류하기 전에 박살 내려 한다．우리나라가 자랑하는 백경 기사단과 함께 이 역할을 맡아 다오．
J006446	252	　敵国の砦を攻略するために向かった部隊が、敵の援軍に背後を絶たれ孤立状態となっている。\n　このまま放っておいては、この精鋭の部隊を失い、ひいては戦局全体に悪影響をもたらすことになるだろう。\n　敵の包囲を解いて我が軍の兵士の退路を確保し、助け出してほしい。	　적국 요새를 공략하러 간 부대가 적 원군에게 배후를 끊겨 고립되었다．\n　이대로 두면 이 정예 부대를 잃고 나아가 전국 전체에 악영향을 미칠 것이다．\n　적의 포위를 풀어 우리 병사들의 퇴로를 확보하고 구해 내 다오．
J006574	193	　どこかから流れてきたらしい山賊が、この街と他の街を結ぶ交易路をおそうようになり、被害が多発している。\n　山賊団の居所はおおよそ見当がついているので、そこへ乗り込み、山賊どもを追い払ってほしい。	　어디선가 흘러온 산적이 이 도시와 다른 도시를 잇는 교역로를 습격해 피해가 잇따르고 있다．\n　산적단의 거처는 대강 짐작이 가니 그곳에 쳐들어가 산적 놈들을 쫓아내 다오．
J006636	9	ﾄほしい。	=
J0066a2	282	　最近、近くの森に盗賊団が出没し、旅の商人などが何人も被害にあっている。\n　そこで、これ以上旅人を危険な目にあわせないためにも、この盗賊団を追い払ってもらいたい。\n　情報によると、盗賊団の規模はかなり大きいらしい。任務を遂行するにあたって、返り討ちにならないように十分注意してほしい。	　요즘 근처 숲에 도적단이 출몰해 여행하는 상인 등이 여럿 피해를 입고 있다．\n　더 이상 여행자를 위험에 빠뜨리지 않기 위해서라도 이 도적단을 쫓아내 주었으면 한다．\n　정보로는 도적단의 규모가 꽤 크다고 한다．임무 수행에 있어 역으로 당하지 않도록 충분히 조심해 다오．
J0067d0	219	　敵国の輸送隊が、この付近を南に進んでいるのが発見された。前線への物資輸送中だと思われるが、これを妨害し、敵輸送隊を全滅させてほしい。\n　ただ、輸送隊には護衛がついていることが考えられる。油断せずに任務を遂行してほしい。	　적국 수송대가 이 부근을 남쪽으로 나아가는 것이 발견되었다．전선에 물자를 나르는 중인 듯한데 이를 방해해 적 수송대를 전멸시켜 다오．\n　다만 수송대에는 호위가 붙어 있을 수 있다．방심 말고 임무를 수행해 다오．
J0068ac	19	ﾄ油断は出来ないぞ。	=
J0068c0	11	{6f}来ないぞ。	=
J0068fe	201	　国境付近にある我が国の兵糧庫に、敵国の軍勢が迫っている。この兵糧庫が奪われては、前線への補給が停止し、ひいては我が国全体の危機へとつながるだろう。\n　迫り来る敵軍を撃退し、我が国の危機を救ってほしい。	　국경 부근 우리 군량고에 적국 군세가 다가오고 있다．군량고를 빼앗기면 전선 보급이 끊겨 나라 전체의 위기로 이어진다．\n　다가오는 적군을 격퇴해 우리나라의 위기를 구해 다오．
J0069c8	29	ｿいるのを未然に防いでほしい。	=
J006a2c	195	　近頃、この町の周辺の村々が山賊団によって襲撃を受け、被害が続出しているが、とうとう次はこの町が狙われることが明らかになった。\n　そこでその前に山賊たちのアジトへ乗り込み、彼らを追い払ってほしい。	　요즘 이 도시 주변 마을들이 산적단의 습격으로 피해가 잇따랐는데 마침내 다음은 이 도시가 노려진다는 것이 밝혀졌다．\n　그 전에 산적 소굴로 쳐들어가 그들을 쫓아내 다오．
J006af0	9	ﾄほしい。	=
J006b5a	210	　国境に設置されている監視塔から、ラーナの軍勢が国境に迫っているとの報告があった。　すぐに我が国が誇る樹氷騎士団を派遣することが決まったが、先に出陣して、騎士団が到着するまでの間ラーナの軍勢をくい止めてほしい。	　국경 감시탑에서 라나의 군세가 국경에 다가온다는 보고가 있었다．곧 우리나라가 자랑하는 수빙 기사단 파견이 정해졌지만 먼저 출진해 기사단이 도착할 때까지 라나 군세를 막아 다오．
J006c88	201	　ザクセンとマイラルドとの間の海峡に海賊団が出没し、いくつもの商船団が被害を受けている。この海賊を退治してほしいというのが今回の仕事だ。\n　船は用意してあるので、その船に乗って件の海峡へ向かってほしい。	　작센과 마이랄드 사이 해협에 해적단이 출몰해 여러 상선단이 피해를 입었다．이 해적 퇴치가 이번 일이다．\n　배는 준비해 두었으니 그 배를 타고 문제의 해협으로 가 다오．
J006db6	282	　我が国の騎士団が、数日後、この町の西方の砂漠を通過することになっている。\n　しかし今日になって、その砂漠に敵国の兵が潜伏し、騎士団を待ち伏せしようとしていることが明らかになった。\n　今から使いをたてても、騎士団にこれを伝えることは難しいので、彼らが襲われる前に伏兵を撃破してほしい。	　우리 기사단이 며칠 뒤 이 도시 서쪽 사막을 지나게 되어 있다．\n　그런데 오늘 그 사막에 적국 병사가 숨어 기사단을 매복하려 한다는 것이 밝혀졌다．\n　지금 전령을 보내도 기사단에 알리기는 어려우니 그들이 습격당하기 전에 복병을 격파해 다오．
