#위치(EXE 파일)	예산(반각 1B/자)	JP	KO
K0b6514	10	ｿｰﾄﾞｺﾏﾝﾀﾞｰ	검술지휘관
K0b651f	10	ﾊﾟｲｸｺﾏﾝﾀﾞｰ	창술지휘관
K0b652a	10	ﾎｰｽｺﾏﾝﾀﾞｰ	기마지휘관
K0b6535	10	ﾎﾞｳｺﾏﾝﾀﾞｰ	궁술지휘관
K0b6540	10	ｿｰﾄﾞｴﾘｰﾄ	검술엘리트
K0b654b	10	ﾊﾟｲｸｴﾘｰﾄ	창술엘리트
K0b6556	10	ﾎｰｽｴﾘｰﾄ	기마엘리트
K0b6561	10	ﾎﾞｳｴﾘｰﾄ	궁술엘리트
K0b656c	10	ｿｰﾄﾞﾏｽﾀｰ	검술마스터
K0b6577	10	ﾊﾟｲｸﾏｽﾀｰ	창술마스터
K0b6582	10	ﾎｰｽﾏｽﾀｰ	기마마스터
K0b658d	10	ﾎﾞｳﾏｽﾀｰ	궁술마스터
K0b6598	10	ｻﾓﾅｰ	서머너
K0b65a3	10	ｴﾝﾁｬﾝﾀｰ	인챈터
K0b65ae	10	ﾈｸﾛﾏﾝｻｰ	네크로맨서
K0b65b9	10	ﾀﾞｰｸﾏｽﾀｰ	다크마스터
K0b65c4	10	ﾎﾞｽ	보스
K0b65cf	10	ﾍｯﾄﾞ	헤드
K0b65da	10	ｷｬﾌﾟﾃﾝ	캡틴
K0b65e5	10	ﾊﾞﾙﾊﾞｰﾙ	바르바르
K0b65f0	10	ﾘｰﾀﾞｰ	리더
K0b68ca	11	ﾒｶﾞﾄﾝﾊﾟﾝﾁ	메가톤 펀치
K0b68da	11	ﾏｲﾃｨﾌﾛｯｸﾞ	마이티 프록
K0b68ea	11	ｺﾞｯﾄﾞﾊﾝﾄﾞ	갓 핸드
K0b68fa	11	ﾊﾞｽﾀｰｿｰﾄﾞ	버스터 소드
K0b690a	11	ﾚｲﾌﾞﾚｰﾄﾞ	
K0b691a	11	ｵｰﾊﾞｰﾄﾞﾗｲﾌﾞ	
K0b692a	11	ｱｸｽﾌﾟﾚｽ	액스프레스
K0b693a	11	ｽﾊﾟｲﾗﾙｱｸｽ	
K0b694a	11	ﾌｧｲﾅﾙﾊﾞｰﾝ	파이널 번
K0b695a	11	ﾊﾟﾜｰｽﾗｯｼｭ	파워 슬래시
K0b696a	11	ﾊｲﾊﾟｰﾌﾞﾚｽﾄ	
K0b697a	11	ﾑｰﾝｽﾄﾗｲｸ	
K0b698a	11	ﾍﾋﾞｰｸﾗｯｼｭ	헤비 크래시
K0b699a	11	ｻﾝﾄﾞﾌﾞﾚｲｸ	
K0b69aa	11	ﾄﾙﾈｰﾄﾞ	토네이도
K0b69ba	11	ﾌｧﾝﾄﾑｽﾋﾟｱ	팬텀 스피어
K0b69ca	11	ｻﾝﾀﾞｰｽﾋﾟﾝ	선더 스핀
K0b69da	11	ﾉｰｻﾞﾝｸﾛｽ	노던 크로스
K0b69ea	11	ｵｰﾗｽｸﾘｭｰ	오러 스크루
K0b69fa	11	ﾀﾞﾌﾞﾙｿﾆｯｸ	더블 소닉
K0b6a0a	11	ﾃﾞｽｸﾛｽ	데스 크로스
K0b7378	8	ﾄﾙﾆｵ	토르니오
K0b7398	8	ﾚｽﾉｲ	레스노이
K0b73b8	8	ｷﾞｰｾﾝ	기센
K0b73d8	8	ﾊﾞｲﾃﾞﾝ	바이덴
K0b73f8	8	ﾌﾟﾗｳｴﾝ	플라우엔
K0b7418	8	ﾌﾗｲﾊｲﾄ	
K0b7438	8	ｵﾙﾋﾞｱ	올비아
K0b7458	8	ﾎﾑﾄﾌ	홈토프
K0b7478	8	ﾄﾘｰﾙ	트리르
K0b7498	8	ｱﾝｽﾊﾞｯﾊ	안스바흐
K0b74b8	8	ﾌｪﾙﾃﾞﾝ	펠덴
K0b74d8	8	ｼｬﾄﾙｰ	샤토루
K0b74f8	8	ｵﾙﾄﾄﾞｸｽ	
K0b7518	8	ﾛｰｽﾞﾌﾘｰﾄ	
K0b7538	8	ﾗﾝｸﾞﾙ	랑그르
K0b7558	8	ﾊﾞｽﾁｱ	바스티아
K0b7578	8	ﾏﾙｻﾗ	마르살라
K0b7598	8	ﾛｱｰﾙ	로아르
K0b75b8	8	ｵﾘｽﾀﾉ	
K0b75d8	8	ﾎｰｲｯｸ	호이크
K0bc80c	9	ﾌｧｲﾀｰ	파이터
K0bc81d	9	ﾊﾟｲｸ	파이크
K0bc82e	9	ﾄﾙｰﾊﾟｰ	트루퍼
K0bc83f	9	ｼｮｰﾄﾎﾞｳ	쇼트보우
K0bc850	9	ｶﾞｰﾃﾞｨｱﾝ	가디언
K0bc861	9	ﾌｧﾗﾝｸｽ	팔랑크스
K0bc872	9	ｳｨﾝｸﾞﾌｯｻｰ	윙후사르
K0bc883	9	ﾛﾝｸﾞﾎﾞｳ	롱보우
K0bc894	9	ﾍﾞﾙｾﾙｸ	버서커
K0bc8a5	9	ﾃﾙｼｵ	테르시오
K0bc8b6	9	ﾄﾞﾗｸﾞｰﾝ	드라군
K0bc8c7	9	ｽﾅｲﾊﾟｰ	스나이퍼
K0bc8d8	9	ｱｰｽｺﾞｰﾚﾑ	어스골렘
K0bc8e9	9	ｽﾄｰﾝｺﾞｰﾚﾑ	스톤골렘
K0bc8fa	9	ｿﾞﾝﾋﾞ	좀비
K0bc90b	9	ｽｹﾙﾄﾝ	스켈턴
K0bc91c	9	ｼｰﾌ	시프
K0bc92d	9	ﾊﾞﾝﾃﾞｨｯﾄ	밴디트
K0bc93e	9	ｳﾞｧｲｷﾝｸﾞ	바이킹
K0bc94f	9	ｱｻｼﾝ	어새신
K0bc960	9	ｼﾋﾞﾘｱﾝ	민간인
K0bd694	11	ｿｰﾗｰﾚｲ	솔라 레이
K0bd6a6	11	ﾌﾚｲﾑｱﾛｰ	플레임 애로
K0bd6b8	11	ﾄﾞﾗｺﾞﾝﾌﾞﾚｽ	용의 숨결
K0bd6ca	11	ｲﾌﾘｰﾄ	이프리트
K0bd6dc	11	ｲﾝﾊﾟﾙｽ	임펄스
K0bd6ee	11	ﾋｰﾄﾊﾞｰﾝ	히트 번
K0bd700	11	ﾃﾞｽｼｬﾜｰ	데스 샤워
K0bd711	11	ｺｴﾅｼﾞｰﾊﾞｽﾀｰ	
K0bd724	11	ｱｲｽﾌｫｰﾙ	아이스 폴
K0bd736	11	ｻﾝﾀﾞｰﾎﾞﾙﾄ	선더 볼트
K0bd748	11	ﾌﾞﾗｽﾄｶｯﾀｰ	돌풍 칼날
K0bd759	11	ｻﾃﾞｽｸﾞﾘﾌｫﾝ	ｻ데스그리폰
K0bd76c	11	ｴﾅｼﾞｰｽﾄｰﾑ	에너지 스톰
K0bd77e	11	ﾉｳﾞｧ	노바
K0bd790	11	ﾎﾜｲﾄﾎｰﾙ	화이트홀
K0bd7a1	11	ｻﾌｧｲﾅﾙﾎﾞﾑ	ｻ파이널봄
K0bd7b4	11	ｱｰｽｸｴｲｸ	어스퀘이크
K0bd7c6	11	ﾊﾘｹｰﾝ	허리케인
K0bd7d8	11	ﾒﾃｵ	메테오
K0bd7e9	11	ｺｲﾝﾌｪﾙﾉ	ｺ인페르노
K0bd7fc	11	ﾋｰﾘﾝｸﾞ	힐링
K0bd80e	11	ﾒｶﾞﾋｰﾘﾝｸﾞ	메가 힐링
K0bd820	11	ｷﾞｶﾞﾋｰﾘﾝｸﾞ	기가 힐링
K0bd832	11	ﾎｰﾘｰﾗｲﾄ	홀리 라이트
K0bd843	11	ｨﾌﾞﾚｯｼﾝｸﾞ	ｨ블레싱
K0bd856	11	ﾙｰｽﾞ	루즈
K0bd868	11	ﾒｶﾞﾙｰｽﾞ	메가 루즈
K0bd87a	11	ｷﾞｶﾞﾙｰｽﾞ	기가 루즈
K0bd88c	11	ﾌｫｰｽ	포스
K0bd89e	11	ﾒｶﾞﾌｫｰｽ	메가 포스
K0bd8b0	11	ｷﾞｶﾞﾌｫｰｽ	기가 포스
K0bd8c2	11	ｳｨｰｹﾝ	위큰
K0bd8d4	11	ﾒｶﾞｳｨｰｹﾝ	메가 위큰
K0bd8e6	11	ｷﾞｶﾞｳｨｰｹﾝ	기가 위큰
K0bd8f8	11	ｱｰﾏｰ	아머
K0bd90a	11	ﾒｶﾞｱｰﾏｰ	메가 아머
K0bd91c	11	ｷﾞｶﾞｱｰﾏｰ	기가 아머
K0bd92e	11	ﾃﾞｨﾚｲ	딜레이
K0bd940	11	ﾒｶﾞﾃﾞｨﾚｲ	메가 딜레이
K0bd952	11	ｷﾞｶﾞﾃﾞｨﾚｲ	기가 딜레이
K0bd964	11	ｸｲｯｸ	퀵
K0bd976	11	ﾒｶﾞｸｲｯｸ	메가 퀵
K0bd988	11	ｷﾞｶﾞｸｲｯｸ	기가 퀵
K0bd99a	11	ﾄﾞﾚｲﾝ	드레인
K0bd9ac	11	ﾒｶﾞﾄﾞﾚｲﾝ	메가 드레인
K0bd9be	11	ｷﾞｶﾞﾄﾞﾚｲﾝ	기가 드레인
K0bd9d0	11	ﾌﾟﾛﾃｸﾄ	프로텍트
K0bd9e2	11	ﾒｶﾞﾌﾟﾛﾃｸﾄ	
K0bd9f4	11	ｷﾞｶﾞﾌﾟﾛﾃｸﾄ	
K0bda06	11	ﾃﾗｰ	테러
K0bda18	11	ﾅｲﾄﾒｱ	나이트메어
K0bda2a	11	ﾌﾞﾚｲﾌﾞﾘｰ	브레이브리
K0bda3c	11	ｳｫｰｸﾗｲ	워크라이
K0bda4e	11	ｻﾓﾝｱｰｽ	서먼 어스
K0bda60	11	ｻﾓﾝｽﾄｰﾝ	서먼 스톤
K0bda72	11	ｻﾓﾝｿﾞﾝﾋﾞ	서먼 좀비
K0bda84	11	ｻﾓﾝｽｹﾙﾄﾝ	서먼 스켈턴
K0bda96	11	ﾀｰﾝｺﾞｰﾚﾑ	턴 골렘
K0bdaa8	11	ﾀｰﾝｱﾝﾃﾞｯﾄﾞ	턴 언데드
K0bdaba	11	ｱﾝｻﾓﾝ	언서먼
K0bdacc	11	ｺﾝﾌｭｰｽﾞ	컨퓨즈
K0bdade	11	ﾒｶﾞｺﾝﾌｭｰｽﾞ	메가 컨퓨즈
K0bdaf0	11	ｻｲﾚﾝｽ	사일런스
K0bdb02	11	ﾒｶﾞｻｲﾚﾝｽ	
K0bdb14	11	ｾﾞﾛ	제로
