#시각(ZZOP.STR)	원문(받아쓰기 → 복원)	번역	비고
0:17	リグリア大陸西方。肥沃な大地と温暖な気候に恵まれたこの地域は	리그리아 대륙 서방. 비옥한 대지와 온화한 기후의\n축복을 받은 이 지역은	받아쓰기 «成功 記憶な»
0:26	ラーガイル王国と神聖ラーナ帝国の二大勢力が拮抗していた。	라가일 왕국과 신성 라나 제국,\n두 큰 세력이 팽팽히 맞서고 있었다	«2力がきしていた»
0:32	しかし、ラーガイル王国の国王が急死し、幼少のカール9世が即位したことから、平和な大陸に一転、悲劇が訪れる。	그러나 라가일 왕국의 국왕이 급서하고\n어린 카를 9세가 즉위하면서\n평화롭던 대륙에 비극이 찾아온다	⚠«止し»→急死し 추정 · 9세(사용자 확인)
0:45	クローヴィスがラーガイル王国の摂政に就任し実権を握ると、	클로비스가 라가일 왕국의 섭정에 올라\n실권을 쥐자	«接勝»→摂政
0:52	反対派の宰相フォイエルバッハらは北方の地にザクセン公国を建国した。	반대파 재상 포이어바흐 일파는\n북방에 작센 공국을 세웠다	«作戦フォイバッハラは正方の地に作戦広告»
1:00	両国の抗争に異を唱える穏健派貴族は、ジョヴァンニを中心にエスタニア共和国を建国し、中立を宣言した。	두 나라의 다툼에 반대하는 온건파 귀족들은\n조반니를 중심으로 에스타니아 공화국을 세우고\n중립을 선언했다	«温泉派»→穏健派
1:11	クローヴィスは本家の再興を期すべく、国名をグランクール王国と改名。	클로비스는 본가의 재흥을 꾀하며\n국호를 그랑쿠르 왕국으로 바꾸었다	«最高をキすべく国命を…解明»
1:18	ラーガイル王国が三国に分裂すると、大陸の覇者たらんとする各国の野望に火がつき、長きにわたる戦争が始まったのである。	라가일 왕국이 세 나라로 갈라지자\n대륙의 패자가 되려는 각국의 야망에 불이 붙어\n기나긴 전쟁이 시작된 것이다
1:34	貴族同士による小競り合いで幕を開けた戦いは、戦争を生業とする傭兵の登場で急速に拡大していった。	귀족끼리의 작은 다툼으로 막을 연 싸움은\n전쟁을 생업으로 삼는 용병이 등장하면서\n급속히 번져 갔다	⚠첫머리 «同士» 앞 낱말 추정(貴族)
1:45	戦争開始から11年。	전쟁이 시작된 지 11년
1:49	度重なる戦闘や略奪で、大陸の総人口は半分以下にまで落ち込んでいる。	거듭된 전투와 약탈로\n대륙의 인구는 절반 아래로 줄어들었다	«旅重なる»→度重なる
1:59	だが、それでも各国は戦争をやめようとはしなかった。	그럼에도 각국은\n전쟁을 멈추려 하지 않았다
2:38	ああ、誰かこの地獄から救いたまえ……。民はただ祈るのみである。	아아, 누가 이 지옥에서 구해 주소서……\n백성들은 그저 기도할 뿐이다	«救いた»→救いたまえ
2:50	この戦乱の世を終結する英雄が現れるのを……。	이 난세를 끝낼 영웅이 나타나기를……
