#위치(SCENARIO.DAT)	예산	JP	KO
S0001ca	16	{64}{61}神聖ラーナ帝国	
S0001dd	6	ラーナ	
S000201	8	ザクセン	
S000225	12	グランクール	
S000249	10	エスタニア	
S00026d	10	マイラルド	
S000291	10	フェンリル	
S0002b5	6	神教団	
S000a2c	16	ティーグル傭兵団	
S000a3d	14	クロトワ傭兵団	
S000a4e	10	血煙傭兵団	
S000a5f	16	メデューサ傭兵団	
S000a70	12	白バラ傭兵団	
S000a81	10	葬送傭兵団	
S000a92	14	フォスト傭兵団	
S000aa3	12	跳ね馬傭兵団	
S000ab4	14	トロイエ傭兵団	
S000ac5	10	銀狼傭兵団	
S000ad6	12	一角獣傭兵団	
S000ae7	10	飛燕傭兵団	
S000af8	10	赤兜傭兵団	
S000b09	10	暗黒傭兵団	
S000b1a	12	ゴルト傭兵団	
S000b2b	14	ヴォーゲ傭兵団	
S000b3c	10	炎輪傭兵団	
S000b4d	16	ゲヴァルト傭兵団	
S000b5e	14	アムール傭兵団	
S000b6f	14	旅ガラス傭兵団	
S000b80	14	雷光聖帝騎士団	
S000b91	10	雷鳴騎士団	
S000ba2	10	雷火騎士団	
S000bb3	10	迅雷騎士団	
S000bc4	12	双頭竜騎士団	
S000bd5	10	昇竜騎士団	
S000be6	10	火竜騎士団	
S000bf7	10	飛竜騎士団	
S000c08	10	日輪騎士団	
S000c19	10	月光騎士団	
S000c2a	10	彗星騎士団	
S000c3b	10	流星騎士団	
S000c4c	10	紫雲騎士団	
S000c5d	10	陽炎騎士団	
S000c6e	10	火影騎士団	
S000c7f	10	夢幻騎士団	
S000c90	10	白鯨騎士団	
S000ca1	10	浪牙騎士団	
S000cb2	10	海虎騎士団	
S000cc3	10	渦潮騎士団	
S000cd4	10	樹氷騎士団	
S000ce5	10	氷霧騎士団	
S000cf6	10	氷輪騎士団	
S000d07	10	氷刃騎士団	
S000d18	16	聖マテウス騎士団	
S000d29	14	神聖ラーナ帝国	
S000d3a	12	ザクセン公国	
S000d4b	16	グランクール王国	
S000d5c	16	エスタニア共和国	
S000d6d	14	マイラルド王国	
S000d7e	14	フェンリル王国	
S000d8f	14	ウィッグ神教団	
S000da0	6	盗賊団	
S000db1	6	山賊団	
S000dc2	6	海賊団	
S000dd3	8	異民族軍	
S000de4	10	市民革命軍	
S000df5	10	農民反乱軍	
S000e06	10	農民義勇軍	
S000e17	6	無所属	
S000e28	4	待機	
S000e39	4	なし	
S000e4a	6	？？？	
S000e5c	6	アイン	
S000e71	12	アナスタシア	
S000e86	8	リューク	
S000e9b	8	ルイーザ	
S000eb0	10	アントニオ	
S000fac	8	ジロドー	
S000fc1	8	エドガー	
S000fd6	6	ユリア	
S000feb	10	ヨハンネス	
S001150	8	オルハン	
S001165	10	バーシバル	
S001ba2	16	{39}{25}{0a}{2e}ロイトガルト	
S001c20	12	{31}{3c}{0a}{31}メアリー	
